durativity,telicity,iterativity,dinamicity
0,0.0,0.0,0.0,0.0
1,0.0,0.0,0.0,0.0
2,0.0,0.0,0.0,0.0
3,0.0,0.0,0.0,0.0
4,0.0,0.0,0.0,0.0
5,0.0,0.0,0.0,0.0
6,0.04426784968642053,0.0,0.04426784968642053,0.04426784968642053
7,0.4879095679700409,0.0,0.4879095679700409,0.4879095679700409
8,0.8624538712633025,0.04426784968642053,0.8624538712633025,0.8624538712633025
9,0.9330178606293357,0.4879095679700409,0.9330178606293357,0.9772857103157561
10,0.5095865196534273,0.8624538712633025,0.5095865196534273,0.9974960876234682
11,0.18181397842311792,0.9772857103157561,0.18181397842311792,1.0
12,0.5106238576542848,0.9532282379370476,0.5106238576542848,1.0
13,0.8649577836398342,0.5120904320299591,0.8649577836398342,1.0
14,0.9330178606293357,0.13754612873669736,0.9330178606293357,0.9557321503135794
15,0.5095865196534273,0.022714289684243855,0.5095865196534273,0.5120904320299591
16,0.13754612873669736,0.002503912376531775,0.13754612873669736,0.13754612873669736
17,0.06698213937066438,0.0,0.06698213937066438,0.06698213937066438
18,0.4904134803465727,0.0,0.4904134803465727,0.4904134803465727
19,0.8624538712633025,0.04426784968642053,0.8624538712633025,0.8624538712633025
20,0.9772857103157561,0.4879095679700409,0.9330178606293357,0.9772857103157561
21,0.9532282379370476,0.8624538712633025,0.5095865196534273,0.9974960876234682
22,0.5120904320299591,0.9772857103157561,0.13754612873669736,1.0
23,0.13754612873669736,0.9974960876234682,0.022714289684243855,1.0
24,0.022714289684243855,1.0,0.002503912376531775,1.0
25,0.046771762062952305,1.0,0.04426784968642053,1.0
26,0.4879095679700409,1.0,0.4436417182836204,1.0
27,0.8624538712633025,1.0,0.37454430329326166,1.0
28,0.9772857103157561,1.0,0.11483183905245352,1.0
29,0.9974960876234682,1.0,0.020210377307712083,1.0
30,1.0,0.9557321503135794,0.046771762062952305,1.0
31,1.0,0.5120904320299591,0.4879095679700409,1.0
32,1.0,0.13754612873669736,0.8624538712633025,1.0
33,1.0,0.022714289684243855,0.9772857103157561,1.0
34,1.0,0.002503912376531775,0.9974960876234682,1.0
35,0.9557321503135794,0.04426784968642053,0.9557321503135794,1.0
36,0.5120904320299591,0.4879095679700409,0.5120904320299591,1.0
37,0.13754612873669736,0.8624538712633025,0.13754612873669736,1.0
38,0.022714289684243855,0.9330178606293357,0.022714289684243855,0.9557321503135794
39,0.046771762062952305,0.5095865196534273,0.046771762062952305,0.5563582817163796
40,0.4879095679700409,0.13754612873669736,0.4879095679700409,0.6254556967067383
41,0.8624538712633025,0.06698213937066438,0.8624538712633025,0.8851681609475465
42,0.9330178606293357,0.4904134803465727,0.9330178606293357,0.9797896226922879
43,0.5095865196534273,0.8624538712633025,0.5095865196534273,0.9974960876234682
44,0.18181397842311792,0.9772857103157561,0.18181397842311792,1.0
45,0.5106238576542848,0.9532282379370476,0.5106238576542848,1.0
46,0.8649577836398342,0.5563582817163796,0.8649577836398342,1.0
47,0.9330178606293357,0.6254556967067383,0.9330178606293357,1.0
48,0.5538543693398477,0.8851681609475465,0.5538543693398477,1.0
49,0.6254556967067383,0.9797896226922879,0.6254556967067383,1.0
50,0.840900311261126,0.9974960876234682,0.840900311261126,1.0
51,0.49188005472224694,1.0,0.49188005472224694,1.0
52,0.13504221636016558,0.9557321503135794,0.13504221636016558,0.9557321503135794
53,0.06698213937066438,0.5120904320299591,0.022714289684243855,0.5563582817163796
54,0.4904134803465727,0.13754612873669736,0.046771762062952305,0.6254556967067383
55,0.8624538712633025,0.022714289684243855,0.4879095679700409,0.8851681609475465
56,0.9772857103157561,0.002503912376531775,0.8624538712633025,0.9797896226922879
57,0.9974960876234682,0.04426784968642053,0.9772857103157561,0.9974960876234682
58,1.0,0.4879095679700409,0.9532282379370476,1.0
59,1.0,0.8624538712633025,0.5120904320299591,1.0
60,1.0,0.9772857103157561,0.13754612873669736,1.0
61,1.0,0.9974960876234682,0.022714289684243855,1.0
62,1.0,1.0,0.002503912376531775,1.0
63,1.0,0.9557321503135794,0.0,1.0
64,1.0,0.5120904320299591,0.0,1.0
65,1.0,0.13754612873669736,0.0,1.0
66,1.0,0.022714289684243855,0.04426784968642053,1.0
67,1.0,0.002503912376531775,0.4879095679700409,1.0
68,1.0,0.0,0.8624538712633025,1.0
69,1.0,0.04426784968642053,0.9772857103157561,1.0
70,1.0,0.4879095679700409,0.9532282379370476,1.0
71,1.0,0.8624538712633025,0.5120904320299591,1.0
72,1.0,0.9330178606293357,0.13754612873669736,1.0
73,1.0,0.5095865196534273,0.022714289684243855,1.0
74,1.0,0.18181397842311792,0.002503912376531775,1.0
75,0.9557321503135794,0.5106238576542848,0.0,1.0
76,0.5120904320299591,0.8206899339534138,0.0,1.0
77,0.18181397842311792,0.4893761423457152,0.04426784968642053,1.0
78,0.5106238576542848,0.13504221636016558,0.4879095679700409,1.0
79,0.8649577836398342,0.022714289684243855,0.8624538712633025,1.0
80,0.9772857103157561,0.002503912376531775,0.9772857103157561,1.0
81,0.9974960876234682,0.0,0.9974960876234682,1.0
82,1.0,0.0,0.9557321503135794,1.0
83,1.0,0.04426784968642053,0.5120904320299591,1.0
84,0.9557321503135794,0.4879095679700409,0.13754612873669736,1.0
85,0.5563582817163796,0.8181860215768821,0.06698213937066438,1.0
86,0.6254556967067383,0.4893761423457152,0.4904134803465727,1.0
87,0.8851681609475465,0.13504221636016558,0.8624538712633025,1.0
88,0.9797896226922879,0.022714289684243855,0.9772857103157561,1.0
89,0.9974960876234682,0.002503912376531775,0.9532282379370476,1.0
90,1.0,0.0,0.5563582817163796,1.0
91,1.0,0.0,0.6254556967067383,1.0
92,1.0,0.0,0.8851681609475465,1.0
93,1.0,0.0,0.9797896226922879,1.0
94,1.0,0.04426784968642053,0.9532282379370476,1.0
95,1.0,0.4879095679700409,0.5120904320299591,1.0
96,1.0,0.8624538712633025,0.18181397842311792,1.0
97,1.0,0.9330178606293357,0.5106238576542848,1.0
98,1.0,0.5095865196534273,0.8206899339534138,1.0
99,1.0,0.13754612873669736,0.4893761423457152,1.0
100,1.0,0.022714289684243855,0.13504221636016558,1.0
101,1.0,0.002503912376531775,0.022714289684243855,1.0
102,1.0,0.04426784968642053,0.002503912376531775,1.0
103,1.0,0.4436417182836204,0.0,1.0
104,1.0,0.4188121529796822,0.0,1.0
105,1.0,0.6027414070224943,0.04426784968642053,1.0
106,1.0,0.8383963988845942,0.4879095679700409,1.0
107,1.0,0.49188005472224694,0.8624538712633025,1.0
108,1.0,0.13504221636016558,0.9772857103157561,1.0
109,1.0,0.022714289684243855,0.9974960876234682,1.0
110,1.0,0.002503912376531775,1.0,1.0
111,1.0,0.0,1.0,1.0
112,1.0,0.0,1.0,1.0
113,1.0,0.0,1.0,0.9557321503135794
114,1.0,0.0,1.0,0.5563582817163796
115,1.0,0.0,1.0,0.6254556967067383
116,0.9557321503135794,0.0,0.9557321503135794,0.840900311261126
117,0.5563582817163796,0.04426784968642053,0.5563582817163796,0.5361479044086674
118,0.6254556967067383,0.4879095679700409,0.6254556967067383,0.6229517843302065
119,0.8851681609475465,0.8624538712633025,0.840900311261126,0.8851681609475465
120,0.9797896226922879,0.9772857103157561,0.49188005472224694,0.9797896226922879
121,0.9532282379370476,0.9974960876234682,0.13504221636016558,0.9974960876234682
122,0.5120904320299591,1.0,0.022714289684243855,1.0
123,0.18181397842311792,1.0,0.002503912376531775,1.0
124,0.46635600796786425,1.0,0.0,1.0
125,0.42131606535621396,1.0,0.04426784968642053,1.0
126,0.6027414070224943,0.9557321503135794,0.4879095679700409,1.0
127,0.8826642485710147,0.5563582817163796,0.8624538712633025,1.0
128,0.9797896226922879,0.6254556967067383,0.9772857103157561,1.0
129,0.9974960876234682,0.840900311261126,0.9974960876234682,1.0
130,1.0,0.49188005472224694,1.0,1.0
131,1.0,0.13504221636016558,1.0,1.0
132,1.0,0.022714289684243855,1.0,1.0
133,1.0,0.046771762062952305,1.0,1.0
134,1.0,0.4879095679700409,1.0,1.0
135,1.0,0.8181860215768821,1.0,1.0
136,1.0,0.4893761423457152,1.0,1.0
137,1.0,0.13504221636016558,1.0,1.0
138,1.0,0.022714289684243855,1.0,1.0
139,1.0,0.002503912376531775,1.0,1.0
140,1.0,0.0,1.0,1.0
141,1.0,0.0,1.0,1.0
142,1.0,0.0,1.0,1.0
143,1.0,0.0,0.9557321503135794,1.0
144,1.0,0.04426784968642053,0.5120904320299591,1.0
145,1.0,0.4879095679700409,0.13754612873669736,1.0
146,1.0,0.8624538712633025,0.022714289684243855,1.0
147,1.0,0.9772857103157561,0.002503912376531775,1.0
148,0.9557321503135794,0.9974960876234682,0.0,1.0
149,0.5120904320299591,1.0,0.0,1.0
150,0.13754612873669736,1.0,0.0,1.0
151,0.022714289684243855,1.0,0.0,1.0
152,0.046771762062952305,0.9557321503135794,0.0,1.0
153,0.4879095679700409,0.5120904320299591,0.0,1.0
154,0.8624538712633025,0.18181397842311792,0.0,1.0
155,0.9772857103157561,0.5106238576542848,0.0,1.0
156,0.9974960876234682,0.8206899339534138,0.0,1.0
157,1.0,0.5336439920321357,0.0,1.0
158,1.0,0.6229517843302065,0.0,1.0
159,1.0,0.840900311261126,0.0,1.0
160,1.0,0.5361479044086674,0.0,1.0
161,1.0,0.578683934643786,0.0,1.0
162,1.0,0.39725859297750554,0.0,1.0
163,1.0,0.11733575142898528,0.0,1.0
164,1.0,0.020210377307712083,0.0,1.0
165,1.0,0.002503912376531775,0.0,1.0
166,1.0,0.0,0.0,1.0
167,1.0,0.0,0.04426784968642053,1.0
168,1.0,0.0,0.4879095679700409,1.0
169,1.0,0.04426784968642053,0.8624538712633025,1.0
170,1.0,0.4879095679700409,0.9772857103157561,1.0
171,1.0,0.8624538712633025,0.9974960876234682,1.0
172,1.0,0.9330178606293357,0.9557321503135794,1.0
173,1.0,0.5095865196534273,0.5120904320299591,1.0
174,1.0,0.13754612873669736,0.13754612873669736,1.0
175,1.0,0.06698213937066438,0.022714289684243855,1.0
176,1.0,0.4904134803465727,0.002503912376531775,1.0
177,1.0,0.8624538712633025,0.0,1.0
178,1.0,0.9330178606293357,0.0,1.0
179,1.0,0.5538543693398477,0.04426784968642053,1.0
180,1.0,0.5811878470203178,0.4879095679700409,1.0
181,1.0,0.39725859297750554,0.8624538712633025,1.0
182,1.0,0.11733575142898528,0.9772857103157561,1.0
183,1.0,0.020210377307712083,0.9532282379370476,1.0
184,1.0,0.046771762062952305,0.5120904320299591,1.0
185,1.0,0.4879095679700409,0.13754612873669736,1.0
186,1.0,0.8624538712633025,0.06698213937066438,1.0
187,1.0,0.9772857103157561,0.4904134803465727,1.0
188,1.0,0.9974960876234682,0.8624538712633025,1.0
189,1.0,1.0,0.9330178606293357,1.0
190,1.0,1.0,0.5538543693398477,1.0
191,1.0,1.0,0.6254556967067383,1.0
192,1.0,0.9557321503135794,0.840900311261126,1.0
193,1.0,0.5563582817163796,0.49188005472224694,1.0
194,1.0,0.6254556967067383,0.13504221636016558,1.0
195,1.0,0.8851681609475465,0.022714289684243855,1.0
196,1.0,0.9797896226922879,0.002503912376531775,1.0
197,1.0,0.9974960876234682,0.0,1.0
198,1.0,1.0,0.0,1.0
199,1.0,1.0,0.0,1.0
200,1.0,1.0,0.0,1.0
201,1.0,1.0,0.0,1.0
202,1.0,1.0,0.0,1.0
203,1.0,1.0,0.04426784968642053,1.0
204,1.0,0.9557321503135794,0.4436417182836204,1.0
205,1.0,0.5120904320299591,0.37454430329326166,1.0
206,1.0,0.13754612873669736,0.11483183905245352,1.0
207,1.0,0.022714289684243855,0.020210377307712083,1.0
208,1.0,0.046771762062952305,0.002503912376531775,1.0
209,1.0,0.4879095679700409,0.0,1.0
210,1.0,0.8624538712633025,0.0,1.0
211,1.0,0.9772857103157561,0.0,1.0
212,1.0,0.9974960876234682,0.0,1.0
213,1.0,0.9557321503135794,0.0,1.0
214,1.0,0.5120904320299591,0.0,1.0
215,1.0,0.13754612873669736,0.0,1.0
216,1.0,0.022714289684243855,0.0,1.0
217,1.0,0.002503912376531775,0.0,1.0
218,1.0,0.0,0.0,1.0
219,1.0,0.0,0.0,1.0
220,1.0,0.0,0.0,1.0
221,1.0,0.0,0.0,1.0
222,1.0,0.04426784968642053,0.0,1.0
223,1.0,0.4879095679700409,0.0,1.0
224,1.0,0.8181860215768821,0.0,1.0
225,1.0,0.5336439920321357,0.0,1.0
226,1.0,0.6229517843302065,0.0,1.0
227,1.0,0.840900311261126,0.04426784968642053,1.0
228,1.0,0.49188005472224694,0.4879095679700409,1.0
229,1.0,0.13504221636016558,0.8624538712633025,1.0
230,0.9557321503135794,0.022714289684243855,0.9330178606293357,0.9557321503135794
231,0.5563582817163796,0.046771762062952305,0.5095865196534273,0.5563582817163796
232,0.6254556967067383,0.4879095679700409,0.13754612873669736,0.6254556967067383
233,0.8851681609475465,0.8624538712633025,0.022714289684243855,0.8851681609475465
234,0.9797896226922879,0.9772857103157561,0.002503912376531775,0.9797896226922879
235,0.9974960876234682,0.9974960876234682,0.04426784968642053,0.9974960876234682
236,1.0,1.0,0.4436417182836204,1.0
237,1.0,0.9557321503135794,0.37454430329326166,1.0
238,0.9557321503135794,0.5563582817163796,0.11483183905245352,1.0
239,0.5563582817163796,0.6254556967067383,0.020210377307712083,1.0
240,0.6254556967067383,0.840900311261126,0.002503912376531775,1.0
241,0.8851681609475465,0.5361479044086674,0.0,1.0
242,0.9797896226922879,0.6229517843302065,0.0,1.0
243,0.9974960876234682,0.840900311261126,0.0,1.0
244,1.0,0.49188005472224694,0.0,1.0
245,1.0,0.13504221636016558,0.0,1.0
246,1.0,0.022714289684243855,0.0,1.0
247,1.0,0.002503912376531775,0.0,1.0
248,1.0,0.0,0.0,1.0
249,1.0,0.0,0.0,1.0
250,1.0,0.0,0.0,1.0
251,1.0,0.0,0.0,1.0
252,1.0,0.04426784968642053,0.0,1.0
253,1.0,0.4879095679700409,0.0,1.0
254,1.0,0.8624538712633025,0.0,1.0
255,1.0,0.9772857103157561,0.0,1.0
256,1.0,0.9532282379370476,0.0,0.9557321503135794
257,1.0,0.5120904320299591,0.0,0.5563582817163796
258,1.0,0.13754612873669736,0.0,0.6254556967067383
259,1.0,0.022714289684243855,0.0,0.8851681609475465
260,1.0,0.002503912376531775,0.0,0.9797896226922879
261,1.0,0.0,0.0,0.9974960876234682
262,1.0,0.0,0.0,1.0
263,1.0,0.0,0.0,1.0
264,1.0,0.0,0.04426784968642053,1.0
265,1.0,0.0,0.4879095679700409,1.0
266,1.0,0.0,0.8624538712633025,1.0
267,1.0,0.0,0.9772857103157561,1.0
268,0.9557321503135794,0.0,0.9974960876234682,0.9557321503135794
269,0.5120904320299591,0.0,1.0,0.5120904320299591
270,0.13754612873669736,0.0,1.0,0.13754612873669736
271,0.022714289684243855,0.0,1.0,0.022714289684243855
272,0.002503912376531775,0.0,1.0,0.002503912376531775
273,0.0,0.04426784968642053,0.9557321503135794,0.04426784968642053
274,0.04426784968642053,0.4879095679700409,0.5563582817163796,0.4879095679700409
275,0.4879095679700409,0.8181860215768821,0.6254556967067383,0.8624538712633025
276,0.8624538712633025,0.4893761423457152,0.8851681609475465,0.9772857103157561
277,0.9772857103157561,0.13504221636016558,0.9797896226922879,0.9974960876234682
278,0.9974960876234682,0.022714289684243855,0.9974960876234682,1.0
279,1.0,0.002503912376531775,1.0,1.0
280,1.0,0.0,1.0,1.0
281,1.0,0.0,1.0,1.0
282,1.0,0.04426784968642053,1.0,1.0
283,1.0,0.4879095679700409,1.0,1.0
284,1.0,0.8624538712633025,1.0,1.0
285,1.0,0.9772857103157561,1.0,1.0
286,1.0,0.9974960876234682,1.0,1.0
287,1.0,1.0,1.0,1.0
288,1.0,1.0,1.0,1.0
289,1.0,0.9557321503135794,1.0,1.0
290,1.0,0.5120904320299591,1.0,1.0
291,1.0,0.13754612873669736,1.0,1.0
292,1.0,0.022714289684243855,1.0,1.0
293,1.0,0.002503912376531775,1.0,1.0
294,1.0,0.0,1.0,1.0
295,1.0,0.0,1.0,1.0
296,1.0,0.04426784968642053,1.0,1.0
297,1.0,0.4879095679700409,1.0,1.0
298,1.0,0.8624538712633025,1.0,1.0
299,1.0,0.9772857103157561,1.0,1.0
300,1.0,0.9974960876234682,1.0,1.0
301,1.0,1.0,1.0,1.0
302,1.0,0.9557321503135794,1.0,1.0
303,1.0,0.5120904320299591,1.0,1.0
304,1.0,0.13754612873669736,1.0,1.0
305,1.0,0.022714289684243855,1.0,1.0
306,1.0,0.002503912376531775,1.0,1.0
307,1.0,0.0,1.0,1.0
308,1.0,0.0,1.0,1.0
309,1.0,0.0,1.0,1.0
310,1.0,0.0,1.0,1.0
311,1.0,0.0,1.0,1.0
312,1.0,0.04426784968642053,1.0,1.0
313,1.0,0.4879095679700409,1.0,1.0
314,1.0,0.8181860215768821,1.0,1.0
315,1.0,0.4893761423457152,1.0,1.0
316,1.0,0.13504221636016558,1.0,1.0
317,1.0,0.022714289684243855,1.0,1.0
318,1.0,0.002503912376531775,1.0,1.0
319,1.0,0.0,1.0,1.0
320,1.0,0.0,0.9557321503135794,1.0
321,0.9557321503135794,0.0,0.5120904320299591,0.9557321503135794
322,0.5563582817163796,0.0,0.18181397842311792,0.5563582817163796
323,0.6254556967067383,0.04426784968642053,0.5106238576542848,0.6254556967067383
324,0.8851681609475465,0.4879095679700409,0.8649577836398342,0.8851681609475465
325,0.9797896226922879,0.8624538712633025,0.9772857103157561,0.9797896226922879
326,0.9974960876234682,0.9772857103157561,0.9974960876234682,0.9974960876234682
327,1.0,0.9532282379370476,1.0,1.0
328,1.0,0.5563582817163796,1.0,1.0
329,1.0,0.6254556967067383,1.0,1.0
330,1.0,0.840900311261126,1.0,1.0
331,1.0,0.5361479044086674,1.0,1.0
332,1.0,0.578683934643786,1.0,1.0
333,1.0,0.39725859297750554,1.0,1.0
334,1.0,0.11733575142898528,1.0,1.0
335,1.0,0.020210377307712083,1.0,1.0
336,1.0,0.002503912376531775,1.0,1.0
337,1.0,0.0,1.0,1.0
338,1.0,0.0,1.0,1.0
339,1.0,0.04426784968642053,1.0,1.0
340,1.0,0.4436417182836204,1.0,1.0
341,1.0,0.4188121529796822,1.0,1.0
342,1.0,0.6027414070224943,1.0,1.0
343,1.0,0.8826642485710147,1.0,1.0
344,1.0,0.9355217730058675,1.0,0.9557321503135794
345,1.0,0.5538543693398477,1.0,0.5563582817163796
346,1.0,0.6254556967067383,1.0,0.6254556967067383
347,1.0,0.8851681609475465,1.0,0.8851681609475465
348,1.0,0.9355217730058675,1.0,0.9797896226922879
349,1.0,0.5538543693398477,1.0,0.9974960876234682
350,1.0,0.6254556967067383,1.0,1.0
351,1.0,0.840900311261126,1.0,1.0
352,1.0,0.49188005472224694,0.9557321503135794,1.0
353,1.0,0.13504221636016558,0.5120904320299591,1.0
354,1.0,0.022714289684243855,0.18181397842311792,1.0
355,1.0,0.002503912376531775,0.5106238576542848,1.0
356,1.0,0.0,0.8649577836398342,1.0
357,1.0,0.04426784968642053,0.9772857103157561,1.0
358,1.0,0.4879095679700409,0.9974960876234682,1.0
359,1.0,0.8624538712633025,0.9557321503135794,1.0
360,1.0,0.9772857103157561,0.5120904320299591,1.0
361,1.0,0.9974960876234682,0.13754612873669736,1.0
362,1.0,1.0,0.06698213937066438,1.0
363,1.0,1.0,0.4904134803465727,1.0
364,1.0,1.0,0.8624538712633025,1.0
365,1.0,0.9557321503135794,0.9772857103157561,1.0
366,1.0,0.5120904320299591,0.9974960876234682,1.0
367,1.0,0.13754612873669736,1.0,1.0
368,1.0,0.06698213937066438,1.0,1.0
369,1.0,0.4904134803465727,0.9557321503135794,1.0
370,1.0,0.8181860215768821,0.5120904320299591,1.0
371,1.0,0.5336439920321357,0.18181397842311792,1.0
372,1.0,0.578683934643786,0.5106238576542848,1.0
373,1.0,0.39725859297750554,0.8206899339534138,1.0
374,1.0,0.11733575142898528,0.4893761423457152,1.0
375,1.0,0.020210377307712083,0.13504221636016558,1.0
376,1.0,0.046771762062952305,0.022714289684243855,1.0
377,1.0,0.4879095679700409,0.002503912376531775,1.0
378,1.0,0.8181860215768821,0.0,1.0
379,1.0,0.4893761423457152,0.04426784968642053,1.0
380,1.0,0.17931006604658611,0.4879095679700409,1.0
381,1.0,0.46635600796786425,0.8624538712633025,1.0
382,1.0,0.42131606535621396,0.9772857103157561,1.0
383,1.0,0.6027414070224943,0.9974960876234682,1.0
384,1.0,0.8826642485710147,0.9557321503135794,1.0
385,1.0,0.9355217730058675,0.5563582817163796,1.0
386,1.0,0.5538543693398477,0.6254556967067383,1.0
387,1.0,0.6254556967067383,0.840900311261126,1.0
388,1.0,0.8851681609475465,0.5361479044086674,1.0
389,1.0,0.9797896226922879,0.6229517843302065,1.0
390,1.0,0.9974960876234682,0.840900311261126,1.0
391,1.0,1.0,0.49188005472224694,1.0
392,1.0,1.0,0.13504221636016558,1.0
393,1.0,1.0,0.022714289684243855,1.0
394,1.0,0.9557321503135794,0.002503912376531775,1.0
395,0.9557321503135794,0.5120904320299591,0.0,1.0
396,0.5563582817163796,0.13754612873669736,0.0,1.0
397,0.6254556967067383,0.022714289684243855,0.0,1.0
398,0.8851681609475465,0.002503912376531775,0.0,1.0
399,0.9797896226922879,0.0,0.0,1.0
400,0.9974960876234682,0.0,0.0,1.0
401,1.0,0.0,0.0,1.0
402,1.0,0.0,0.0,1.0
403,1.0,0.0,0.0,1.0
404,1.0,0.0,0.0,1.0
405,1.0,0.0,0.0,1.0
406,1.0,0.0,0.0,1.0
407,1.0,0.0,0.0,1.0
408,1.0,0.0,0.0,1.0
409,1.0,0.0,0.0,1.0
410,1.0,0.0,0.0,1.0
411,1.0,0.04426784968642053,0.04426784968642053,1.0
412,1.0,0.4879095679700409,0.4436417182836204,1.0
413,1.0,0.8624538712633025,0.37454430329326166,1.0
414,1.0,0.9330178606293357,0.11483183905245352,1.0
415,1.0,0.5095865196534273,0.020210377307712083,1.0
416,1.0,0.13754612873669736,0.002503912376531775,1.0
417,1.0,0.022714289684243855,0.0,1.0
418,1.0,0.002503912376531775,0.0,1.0
419,1.0,0.0,0.0,1.0
420,1.0,0.0,0.0,1.0
421,0.9557321503135794,0.04426784968642053,0.0,1.0
422,0.5120904320299591,0.4879095679700409,0.0,1.0
423,0.18181397842311792,0.8181860215768821,0.0,1.0
424,0.5106238576542848,0.4893761423457152,0.0,1.0
425,0.8649577836398342,0.13504221636016558,0.0,1.0
426,0.9772857103157561,0.022714289684243855,0.0,1.0
427,0.9974960876234682,0.002503912376531775,0.0,1.0
428,1.0,0.0,0.0,1.0
429,1.0,0.0,0.0,1.0
430,1.0,0.04426784968642053,0.04426784968642053,1.0
431,1.0,0.4879095679700409,0.4879095679700409,1.0
432,1.0,0.8181860215768821,0.8624538712633025,1.0
433,1.0,0.5336439920321357,0.9772857103157561,1.0
434,1.0,0.6229517843302065,0.9974960876234682,1.0
435,1.0,0.840900311261126,1.0,1.0
436,1.0,0.49188005472224694,1.0,1.0
437,1.0,0.13504221636016558,1.0,1.0
438,1.0,0.022714289684243855,0.9557321503135794,1.0
439,1.0,0.046771762062952305,0.5120904320299591,1.0
440,1.0,0.4879095679700409,0.13754612873669736,1.0
441,1.0,0.8181860215768821,0.022714289684243855,1.0
442,1.0,0.4893761423457152,0.002503912376531775,1.0
443,1.0,0.13504221636016558,0.04426784968642053,1.0
444,1.0,0.022714289684243855,0.4879095679700409,1.0
445,1.0,0.002503912376531775,0.8181860215768821,1.0
446,1.0,0.0,0.5336439920321357,1.0
447,1.0,0.0,0.6229517843302065,1.0
448,1.0,0.0,0.8851681609475465,1.0
449,1.0,0.04426784968642053,0.9797896226922879,1.0
450,1.0,0.4879095679700409,0.9974960876234682,1.0
451,1.0,0.8624538712633025,1.0,1.0
452,1.0,0.9330178606293357,1.0,1.0
453,1.0,0.5538543693398477,1.0,1.0
454,1.0,0.6254556967067383,1.0,1.0
455,1.0,0.8851681609475465,1.0,1.0
456,1.0,0.9355217730058675,1.0,1.0
457,1.0,0.5095865196534273,1.0,1.0
458,1.0,0.13754612873669736,1.0,1.0
459,1.0,0.022714289684243855,1.0,1.0
460,1.0,0.002503912376531775,1.0,1.0
461,1.0,0.0,1.0,1.0
462,1.0,0.0,1.0,1.0
463,1.0,0.0,1.0,1.0
464,1.0,0.0,1.0,1.0
465,1.0,0.0,1.0,1.0
466,1.0,0.0,1.0,1.0
467,1.0,0.0,1.0,1.0
468,1.0,0.0,1.0,1.0
469,1.0,0.0,1.0,1.0
470,1.0,0.0,1.0,1.0
471,1.0,0.0,1.0,1.0
472,1.0,0.0,1.0,1.0
473,1.0,0.0,1.0,1.0
474,1.0,0.0,1.0,1.0
475,1.0,0.0,1.0,1.0
476,1.0,0.0,1.0,1.0
477,1.0,0.0,1.0,1.0
478,1.0,0.0,1.0,1.0
479,1.0,0.0,1.0,1.0
480,1.0,0.0,1.0,1.0
481,1.0,0.0,1.0,1.0
482,1.0,0.0,1.0,1.0
483,1.0,0.04426784968642053,1.0,1.0
484,1.0,0.4879095679700409,1.0,1.0
485,1.0,0.8624538712633025,1.0,1.0
486,1.0,0.9330178606293357,1.0,1.0
487,1.0,0.5095865196534273,1.0,1.0
488,1.0,0.18181397842311792,1.0,1.0
489,1.0,0.5106238576542848,1.0,1.0
490,0.9557321503135794,0.8649577836398342,0.9557321503135794,1.0
491,0.5120904320299591,0.9772857103157561,0.5120904320299591,1.0
492,0.13754612873669736,0.9532282379370476,0.13754612873669736,0.9557321503135794
493,0.022714289684243855,0.5120904320299591,0.022714289684243855,0.5120904320299591
494,0.002503912376531775,0.13754612873669736,0.002503912376531775,0.18181397842311792
495,0.0,0.06698213937066438,0.0,0.5106238576542848
496,0.0,0.44614563066015217,0.0,0.8649577836398342
497,0.0,0.37454430329326166,0.0,0.9330178606293357
498,0.04426784968642053,0.11483183905245352,0.0,0.5538543693398477
499,0.4879095679700409,0.020210377307712083,0.0,0.6254556967067383
500,0.8624538712633025,0.002503912376531775,0.0,0.8851681609475465
501,0.9772857103157561,0.0,0.04426784968642053,0.9797896226922879
502,0.9974960876234682,0.0,0.4879095679700409,0.9974960876234682
503,1.0,0.0,0.8624538712633025,1.0
504,1.0,0.0,0.9772857103157561,1.0
505,1.0,0.0,0.9532282379370476,1.0
506,1.0,0.0,0.5120904320299591,1.0
507,1.0,0.0,0.13754612873669736,1.0
508,1.0,0.04426784968642053,0.022714289684243855,1.0
509,1.0,0.4436417182836204,0.002503912376531775,1.0
510,1.0,0.37454430329326166,0.0,1.0
511,0.9557321503135794,0.15909968873887403,0.0,1.0
512,0.5120904320299591,0.5081199452777531,0.0,1.0
513,0.18181397842311792,0.8649577836398342,0.04426784968642053,1.0
514,0.5106238576542848,0.9330178606293357,0.4879095679700409,1.0
515,0.8649577836398342,0.5095865196534273,0.8624538712633025,1.0
516,0.9772857103157561,0.13754612873669736,0.9330178606293357,1.0
517,0.9974960876234682,0.022714289684243855,0.5095865196534273,1.0
518,1.0,0.002503912376531775,0.13754612873669736,1.0
519,1.0,0.0,0.022714289684243855,1.0
520,1.0,0.04426784968642053,0.002503912376531775,1.0
521,1.0,0.4879095679700409,0.0,1.0
522,1.0,0.8624538712633025,0.0,1.0
523,0.9557321503135794,0.9772857103157561,0.0,1.0
524,0.5563582817163796,0.9532282379370476,0.0,1.0
525,0.6254556967067383,0.5563582817163796,0.0,1.0
526,0.8851681609475465,0.6254556967067383,0.0,1.0
527,0.9797896226922879,0.840900311261126,0.0,1.0
528,0.9974960876234682,0.49188005472224694,0.0,1.0
529,1.0,0.17931006604658611,0.0,1.0
530,1.0,0.5106238576542848,0.0,1.0
531,1.0,0.8649577836398342,0.0,1.0
532,1.0,0.9772857103157561,0.0,1.0
533,1.0,0.9532282379370476,0.0,1.0
534,1.0,0.5120904320299591,0.0,1.0
535,1.0,0.13754612873669736,0.0,1.0
536,1.0,0.022714289684243855,0.0,1.0
537,1.0,0.002503912376531775,0.0,1.0
538,0.9557321503135794,0.0,0.0,1.0
539,0.5120904320299591,0.0,0.0,1.0
540,0.13754612873669736,0.0,0.0,1.0
541,0.06698213937066438,0.0,0.0,1.0
542,0.44614563066015217,0.0,0.0,0.9557321503135794
543,0.4188121529796822,0.0,0.0,0.5563582817163796
544,0.6027414070224943,0.0,0.0,0.6254556967067383
545,0.8826642485710147,0.0,0.0,0.8851681609475465
546,0.9355217730058675,0.0,0.0,0.9797896226922879
547,0.5538543693398477,0.0,0.0,0.9974960876234682
548,0.6254556967067383,0.0,0.0,1.0
549,0.840900311261126,0.0,0.0,0.9557321503135794
550,0.49188005472224694,0.0,0.0,0.5563582817163796
551,0.17931006604658611,0.0,0.0,0.6254556967067383
552,0.46635600796786425,0.0,0.0,0.840900311261126
553,0.42131606535621396,0.0,0.0,0.5361479044086674
554,0.6027414070224943,0.04426784968642053,0.0,0.6229517843302065
555,0.8826642485710147,0.4879095679700409,0.0,0.8851681609475465
556,0.9797896226922879,0.8624538712633025,0.0,0.9797896226922879
557,0.9532282379370476,0.9330178606293357,0.0,0.9532282379370476
558,0.5120904320299591,0.5095865196534273,0.0,0.5120904320299591
559,0.13754612873669736,0.13754612873669736,0.0,0.13754612873669736
560,0.06698213937066438,0.022714289684243855,0.0,0.06698213937066438
561,0.4904134803465727,0.002503912376531775,0.0,0.4904134803465727
562,0.8624538712633025,0.0,0.0,0.8624538712633025
563,0.9772857103157561,0.0,0.0,0.9772857103157561
564,0.9974960876234682,0.0,0.0,0.9974960876234682
565,1.0,0.0,0.0,1.0
566,1.0,0.0,0.0,1.0
567,1.0,0.0,0.0,1.0
568,1.0,0.0,0.0,1.0
569,1.0,0.0,0.0,1.0
570,1.0,0.0,0.0,1.0
571,1.0,0.0,0.0,1.0
572,1.0,0.0,0.0,1.0
573,1.0,0.0,0.0,1.0
574,1.0,0.0,0.0,1.0
575,1.0,0.0,0.0,1.0
576,1.0,0.0,0.0,1.0
577,1.0,0.0,0.0,1.0
578,1.0,0.0,0.0,1.0
579,1.0,0.0,0.0,1.0
580,1.0,0.04426784968642053,0.0,1.0
581,1.0,0.4879095679700409,0.0,1.0
582,1.0,0.8624538712633025,0.0,1.0
583,1.0,0.9772857103157561,0.0,1.0
584,1.0,0.9974960876234682,0.0,1.0
585,1.0,1.0,0.04426784968642053,1.0
586,1.0,1.0,0.4879095679700409,1.0
587,1.0,1.0,0.8624538712633025,1.0
588,1.0,1.0,0.9772857103157561,1.0
589,1.0,0.9557321503135794,0.9974960876234682,1.0
590,1.0,0.5120904320299591,1.0,1.0
591,1.0,0.18181397842311792,1.0,1.0
592,1.0,0.46635600796786425,1.0,1.0
593,1.0,0.3770482156697934,1.0,1.0
594,1.0,0.11483183905245352,1.0,1.0
595,1.0,0.020210377307712083,1.0,1.0
596,1.0,0.002503912376531775,0.9557321503135794,1.0
597,1.0,0.0,0.5120904320299591,1.0
598,1.0,0.0,0.13754612873669736,1.0
599,1.0,0.0,0.022714289684243855,1.0
600,1.0,0.0,0.002503912376531775,1.0
601,1.0,0.0,0.0,1.0
602,1.0,0.04426784968642053,0.0,1.0
603,1.0,0.4436417182836204,0.0,1.0
604,1.0,0.37454430329326166,0.0,1.0
605,1.0,0.11483183905245352,0.0,1.0
606,1.0,0.06447822699413261,0.0,1.0
607,1.0,0.4904134803465727,0.0,1.0
608,1.0,0.8181860215768821,0.0,1.0
609,1.0,0.4893761423457152,0.0,1.0
610,1.0,0.13504221636016558,0.0,1.0
611,1.0,0.06698213937066438,0.0,1.0
612,1.0,0.4904134803465727,0.0,1.0
613,1.0,0.8624538712633025,0.04426784968642053,1.0
614,1.0,0.9772857103157561,0.4879095679700409,1.0
615,1.0,0.9974960876234682,0.8181860215768821,1.0
616,1.0,1.0,0.4893761423457152,1.0
617,0.9557321503135794,1.0,0.13504221636016558,1.0
618,0.5563582817163796,0.9557321503135794,0.06698213937066438,1.0
619,0.6254556967067383,0.5120904320299591,0.4904134803465727,1.0
620,0.8851681609475465,0.13754612873669736,0.8181860215768821,1.0
621,0.9797896226922879,0.022714289684243855,0.4893761423457152,1.0
622,0.9974960876234682,0.002503912376531775,0.13504221636016558,1.0
623,0.9557321503135794,0.0,0.022714289684243855,0.9557321503135794
624,0.5120904320299591,0.0,0.002503912376531775,0.5120904320299591
625,0.13754612873669736,0.0,0.0,0.13754612873669736
626,0.06698213937066438,0.0,0.04426784968642053,0.06698213937066438
627,0.4904134803465727,0.04426784968642053,0.4879095679700409,0.4904134803465727
628,0.8624538712633025,0.4879095679700409,0.8624538712633025,0.8624538712633025
629,0.9330178606293357,0.8624538712633025,0.9330178606293357,0.9772857103157561
630,0.5538543693398477,0.9772857103157561,0.5095865196534273,0.9974960876234682
631,0.6254556967067383,0.9974960876234682,0.18181397842311792,1.0
632,0.8851681609475465,1.0,0.5106238576542848,1.0
633,0.9797896226922879,1.0,0.8649577836398342,1.0
634,0.9974960876234682,1.0,0.9772857103157561,1.0
635,1.0,1.0,0.9974960876234682,1.0
636,1.0,1.0,0.9557321503135794,1.0
637,1.0,0.9557321503135794,0.5120904320299591,1.0
638,1.0,0.5120904320299591,0.13754612873669736,1.0
639,1.0,0.13754612873669736,0.022714289684243855,1.0
640,1.0,0.022714289684243855,0.002503912376531775,1.0
641,1.0,0.046771762062952305,0.0,1.0
642,1.0,0.4879095679700409,0.0,1.0
643,1.0,0.8624538712633025,0.0,1.0
644,1.0,0.9330178606293357,0.0,1.0
645,1.0,0.5538543693398477,0.0,1.0
646,1.0,0.5811878470203178,0.04426784968642053,1.0
647,1.0,0.44152644266392604,0.4879095679700409,1.0
648,1.0,0.6052453193990261,0.8624538712633025,1.0
649,1.0,0.8826642485710147,0.9330178606293357,1.0
650,1.0,0.9797896226922879,0.5538543693398477,1.0
651,1.0,0.9974960876234682,0.6254556967067383,1.0
652,1.0,1.0,0.8851681609475465,1.0
653,1.0,1.0,0.9797896226922879,1.0
654,1.0,1.0,0.9532282379370476,1.0
655,1.0,1.0,0.5120904320299591,1.0
656,1.0,1.0,0.13754612873669736,1.0
657,1.0,0.9557321503135794,0.022714289684243855,1.0
658,1.0,0.5563582817163796,0.002503912376531775,1.0
659,1.0,0.6254556967067383,0.0,1.0
660,1.0,0.8851681609475465,0.0,1.0
661,1.0,0.9355217730058675,0.0,1.0
662,1.0,0.5538543693398477,0.0,1.0
663,1.0,0.6254556967067383,0.0,1.0
664,1.0,0.840900311261126,0.0,1.0
665,1.0,0.5361479044086674,0.0,1.0
666,1.0,0.6229517843302065,0.0,1.0
667,1.0,0.8851681609475465,0.0,1.0
668,1.0,0.9355217730058675,0.0,1.0
669,1.0,0.5095865196534273,0.0,1.0
670,1.0,0.13754612873669736,0.0,1.0
671,1.0,0.022714289684243855,0.0,1.0
672,1.0,0.046771762062952305,0.0,1.0
673,1.0,0.4879095679700409,0.0,1.0
674,1.0,0.8624538712633025,0.04426784968642053,1.0
675,1.0,0.9772857103157561,0.4879095679700409,1.0
676,1.0,0.9532282379370476,0.8624538712633025,1.0
677,1.0,0.5120904320299591,0.9330178606293357,1.0
678,1.0,0.13754612873669736,0.5095865196534273,1.0
679,1.0,0.06698213937066438,0.13754612873669736,1.0
680,1.0,0.44614563066015217,0.022714289684243855,1.0
681,1.0,0.37454430329326166,0.046771762062952305,1.0
682,1.0,0.15909968873887403,0.4879095679700409,1.0
683,1.0,0.5081199452777531,0.8624538712633025,1.0
684,1.0,0.8206899339534138,0.9330178606293357,1.0
685,1.0,0.4893761423457152,0.5095865196534273,1.0
686,0.9557321503135794,0.13504221636016558,0.13754612873669736,0.9557321503135794
687,0.5120904320299591,0.022714289684243855,0.022714289684243855,0.5120904320299591
688,0.13754612873669736,0.002503912376531775,0.002503912376531775,0.13754612873669736
689,0.06698213937066438,0.0,0.0,0.022714289684243855
690,0.4904134803465727,0.0,0.0,0.002503912376531775
691,0.8624538712633025,0.0,0.0,0.0
692,0.9772857103157561,0.0,0.0,0.04426784968642053
693,0.9974960876234682,0.0,0.0,0.4879095679700409
694,1.0,0.0,0.04426784968642053,0.8624538712633025
695,1.0,0.04426784968642053,0.4879095679700409,0.9772857103157561
696,0.9557321503135794,0.4879095679700409,0.8181860215768821,0.9974960876234682
697,0.5563582817163796,0.8624538712633025,0.4893761423457152,1.0
698,0.6254556967067383,0.9330178606293357,0.13504221636016558,0.9557321503135794
699,0.8851681609475465,0.5095865196534273,0.022714289684243855,0.5563582817163796
700,0.9797896226922879,0.18181397842311792,0.002503912376531775,0.6254556967067383
701,0.9532282379370476,0.5106238576542848,0.0,0.8851681609475465
702,0.5563582817163796,0.8649577836398342,0.0,0.9797896226922879
703,0.5811878470203178,0.9772857103157561,0.0,0.9974960876234682
704,0.44152644266392604,0.9974960876234682,0.04426784968642053,1.0
705,0.6052453193990261,1.0,0.4879095679700409,1.0
706,0.8826642485710147,1.0,0.8624538712633025,1.0
707,0.9797896226922879,1.0,0.9772857103157561,1.0
708,0.9974960876234682,1.0,0.9974960876234682,1.0
709,1.0,1.0,1.0,1.0
710,1.0,1.0,0.9557321503135794,1.0
711,1.0,1.0,0.5120904320299591,1.0
712,1.0,1.0,0.13754612873669736,1.0
713,1.0,1.0,0.022714289684243855,1.0
714,1.0,1.0,0.002503912376531775,1.0
715,1.0,1.0,0.0,1.0
716,1.0,1.0,0.0,1.0
717,1.0,0.9557321503135794,0.0,1.0
718,1.0,0.5563582817163796,0.0,1.0
719,1.0,0.6254556967067383,0.0,1.0
720,1.0,0.8851681609475465,0.0,1.0
721,1.0,0.9355217730058675,0.0,1.0
722,1.0,0.5095865196534273,0.0,1.0
723,1.0,0.18181397842311792,0.0,1.0
724,1.0,0.5106238576542848,0.0,1.0
725,1.0,0.8649577836398342,0.0,1.0
726,1.0,0.9330178606293357,0.04426784968642053,1.0
727,1.0,0.5538543693398477,0.4879095679700409,1.0
728,1.0,0.6254556967067383,0.8181860215768821,1.0
729,1.0,0.8851681609475465,0.4893761423457152,1.0
730,1.0,0.9797896226922879,0.13504221636016558,1.0
731,1.0,0.9532282379370476,0.06698213937066438,1.0
732,1.0,0.5120904320299591,0.4904134803465727,1.0
733,1.0,0.13754612873669736,0.8624538712633025,1.0
734,1.0,0.022714289684243855,0.9330178606293357,1.0
735,1.0,0.002503912376531775,0.5095865196534273,1.0
736,1.0,0.0,0.13754612873669736,1.0
737,1.0,0.04426784968642053,0.022714289684243855,1.0
738,1.0,0.4879095679700409,0.046771762062952305,1.0
739,1.0,0.8181860215768821,0.4879095679700409,1.0
740,1.0,0.5336439920321357,0.8624538712633025,1.0
741,0.9557321503135794,0.6229517843302065,0.9330178606293357,1.0
742,0.5120904320299591,0.8851681609475465,0.5095865196534273,1.0
743,0.13754612873669736,0.9797896226922879,0.13754612873669736,1.0
744,0.022714289684243855,0.9974960876234682,0.022714289684243855,1.0
745,0.002503912376531775,0.9557321503135794,0.002503912376531775,0.9557321503135794
746,0.0,0.5563582817163796,0.0,0.5563582817163796
747,0.04426784968642053,0.6254556967067383,0.0,0.6254556967067383
748,0.4879095679700409,0.8851681609475465,0.04426784968642053,0.8851681609475465
749,0.8624538712633025,0.9355217730058675,0.4879095679700409,0.9797896226922879
750,0.9772857103157561,0.5538543693398477,0.8624538712633025,0.9974960876234682
751,0.9532282379370476,0.6254556967067383,0.9330178606293357,1.0
752,0.5563582817163796,0.840900311261126,0.5095865196534273,1.0
753,0.6254556967067383,0.49188005472224694,0.13754612873669736,1.0
754,0.8851681609475465,0.17931006604658611,0.022714289684243855,1.0
755,0.9797896226922879,0.5106238576542848,0.002503912376531775,1.0
756,0.9974960876234682,0.8649577836398342,0.0,1.0
757,1.0,0.9330178606293357,0.0,1.0
758,1.0,0.5095865196534273,0.0,1.0
759,1.0,0.18181397842311792,0.0,1.0
760,1.0,0.5106238576542848,0.0,1.0
761,1.0,0.8206899339534138,0.0,1.0
762,1.0,0.5336439920321357,0.0,1.0
763,1.0,0.6229517843302065,0.0,1.0
764,1.0,0.840900311261126,0.0,1.0
765,1.0,0.5361479044086674,0.04426784968642053,1.0
766,1.0,0.6229517843302065,0.4879095679700409,1.0
767,1.0,0.8851681609475465,0.8181860215768821,1.0
768,1.0,0.9355217730058675,0.4893761423457152,1.0
769,1.0,0.5095865196534273,0.13504221636016558,1.0
770,1.0,0.18181397842311792,0.06698213937066438,1.0
771,1.0,0.5106238576542848,0.4904134803465727,1.0
772,1.0,0.8206899339534138,0.8181860215768821,1.0
773,1.0,0.5336439920321357,0.4893761423457152,1.0
774,0.9557321503135794,0.6229517843302065,0.13504221636016558,1.0
775,0.5563582817163796,0.8851681609475465,0.022714289684243855,1.0
776,0.6254556967067383,0.9797896226922879,0.046771762062952305,1.0
777,0.8851681609475465,0.9532282379370476,0.4879095679700409,1.0
778,0.9797896226922879,0.5120904320299591,0.8624538712633025,1.0
779,0.9974960876234682,0.13754612873669736,0.9330178606293357,1.0
780,1.0,0.022714289684243855,0.5095865196534273,1.0
781,1.0,0.002503912376531775,0.13754612873669736,1.0
782,1.0,0.0,0.022714289684243855,1.0
783,1.0,0.0,0.002503912376531775,1.0
784,1.0,0.0,0.0,1.0
785,1.0,0.0,0.0,1.0
786,1.0,0.0,0.0,1.0
787,1.0,0.04426784968642053,0.0,1.0
788,1.0,0.4879095679700409,0.0,1.0
789,1.0,0.8624538712633025,0.0,1.0
790,1.0,0.9772857103157561,0.0,1.0
791,1.0,0.9532282379370476,0.0,1.0
792,1.0,0.5120904320299591,0.0,1.0
793,1.0,0.13754612873669736,0.0,1.0
794,1.0,0.022714289684243855,0.0,1.0
795,1.0,0.002503912376531775,0.0,1.0
796,1.0,0.0,0.0,1.0
797,1.0,0.0,0.0,1.0
798,1.0,0.0,0.0,1.0
799,1.0,0.0,0.0,1.0
800,1.0,0.0,0.0,1.0
801,1.0,0.0,0.0,1.0
802,1.0,0.0,0.0,1.0
803,1.0,0.0,0.0,1.0
804,1.0,0.0,0.0,1.0
805,1.0,0.04426784968642053,0.0,1.0
806,1.0,0.4879095679700409,0.0,1.0
807,1.0,0.8624538712633025,0.04426784968642053,1.0
808,1.0,0.9330178606293357,0.4879095679700409,1.0
809,1.0,0.5095865196534273,0.8624538712633025,1.0
810,1.0,0.18181397842311792,0.9772857103157561,1.0
811,1.0,0.5106238576542848,0.9974960876234682,1.0
812,0.9557321503135794,0.8206899339534138,0.9557321503135794,0.9557321503135794
813,0.5563582817163796,0.4893761423457152,0.5563582817163796,0.5563582817163796
814,0.6254556967067383,0.13504221636016558,0.6254556967067383,0.6254556967067383
815,0.8851681609475465,0.022714289684243855,0.8851681609475465,0.8851681609475465
816,0.9797896226922879,0.046771762062952305,0.9797896226922879,0.9797896226922879
817,0.9974960876234682,0.4879095679700409,0.9974960876234682,0.9974960876234682
818,1.0,0.8181860215768821,1.0,0.9557321503135794
819,1.0,0.4893761423457152,0.9557321503135794,0.5120904320299591
820,1.0,0.17931006604658611,0.5120904320299591,0.18181397842311792
821,1.0,0.5106238576542848,0.13754612873669736,0.5106238576542848
822,1.0,0.8649577836398342,0.06698213937066438,0.8649577836398342
823,1.0,0.9772857103157561,0.4904134803465727,0.9772857103157561
824,1.0,0.9974960876234682,0.8624538712633025,0.9974960876234682
825,1.0,0.9557321503135794,0.9772857103157561,1.0
826,1.0,0.5120904320299591,0.9974960876234682,1.0
827,1.0,0.13754612873669736,1.0,1.0
828,1.0,0.022714289684243855,1.0,1.0
829,1.0,0.002503912376531775,1.0,1.0
830,1.0,0.0,1.0,1.0
831,1.0,0.0,1.0,1.0
832,1.0,0.04426784968642053,0.9557321503135794,1.0
833,0.9557321503135794,0.4436417182836204,0.5120904320299591,0.9557321503135794
834,0.5120904320299591,0.37454430329326166,0.13754612873669736,0.5120904320299591
835,0.13754612873669736,0.11483183905245352,0.022714289684243855,0.13754612873669736
836,0.022714289684243855,0.06447822699413261,0.002503912376531775,0.06698213937066438
837,0.002503912376531775,0.4904134803465727,0.0,0.4904134803465727
838,0.04426784968642053,0.8624538712633025,0.0,0.8624538712633025
839,0.4879095679700409,0.9772857103157561,0.0,0.9772857103157561
840,0.8624538712633025,0.9974960876234682,0.0,0.9974960876234682
841,0.9772857103157561,1.0,0.0,1.0
842,0.9974960876234682,1.0,0.0,1.0
843,1.0,1.0,0.0,1.0
844,1.0,1.0,0.0,1.0
845,1.0,1.0,0.04426784968642053,1.0
846,1.0,1.0,0.4879095679700409,1.0
847,1.0,1.0,0.8624538712633025,1.0
848,1.0,1.0,0.9772857103157561,1.0
849,1.0,1.0,0.9974960876234682,1.0
850,1.0,1.0,1.0,1.0
851,1.0,1.0,0.9557321503135794,1.0
852,1.0,1.0,0.5563582817163796,1.0
853,1.0,1.0,0.6254556967067383,1.0
854,1.0,1.0,0.8851681609475465,1.0
855,1.0,1.0,0.9355217730058675,1.0
856,1.0,0.9557321503135794,0.5095865196534273,1.0
857,1.0,0.5120904320299591,0.13754612873669736,1.0
858,1.0,0.13754612873669736,0.06698213937066438,1.0
859,1.0,0.022714289684243855,0.4904134803465727,1.0
860,1.0,0.002503912376531775,0.8624538712633025,1.0
861,1.0,0.04426784968642053,0.9772857103157561,1.0
862,1.0,0.4879095679700409,0.9532282379370476,1.0
863,1.0,0.8181860215768821,0.5120904320299591,1.0
864,1.0,0.5336439920321357,0.13754612873669736,1.0
865,1.0,0.6229517843302065,0.06698213937066438,1.0
866,1.0,0.8851681609475465,0.4904134803465727,1.0
867,1.0,0.9797896226922879,0.8624538712633025,1.0
868,1.0,0.9974960876234682,0.9772857103157561,1.0
869,1.0,1.0,0.9974960876234682,1.0
870,1.0,1.0,1.0,1.0
871,1.0,1.0,1.0,1.0
872,1.0,1.0,1.0,1.0
873,1.0,1.0,1.0,1.0
874,1.0,0.9557321503135794,1.0,1.0
875,1.0,0.5120904320299591,1.0,1.0
876,1.0,0.18181397842311792,1.0,1.0
877,0.9557321503135794,0.5106238576542848,0.9557321503135794,1.0
878,0.5563582817163796,0.8206899339534138,0.5120904320299591,1.0
879,0.6254556967067383,0.4893761423457152,0.13754612873669736,1.0
880,0.8851681609475465,0.17931006604658611,0.022714289684243855,1.0
881,0.9797896226922879,0.5106238576542848,0.002503912376531775,1.0
882,0.9532282379370476,0.8649577836398342,0.0,1.0
883,0.5563582817163796,0.9330178606293357,0.0,1.0
884,0.6254556967067383,0.5538543693398477,0.0,1.0
885,0.8851681609475465,0.6254556967067383,0.0,1.0
886,0.9797896226922879,0.8851681609475465,0.0,1.0
887,0.9974960876234682,0.9355217730058675,0.0,1.0
888,1.0,0.5095865196534273,0.0,1.0
889,1.0,0.18181397842311792,0.0,1.0
890,1.0,0.5106238576542848,0.0,1.0
891,1.0,0.8649577836398342,0.04426784968642053,1.0
892,1.0,0.9772857103157561,0.4879095679700409,1.0
893,1.0,0.9974960876234682,0.8181860215768821,1.0
894,1.0,0.9557321503135794,0.4893761423457152,1.0
895,1.0,0.5563582817163796,0.17931006604658611,1.0
896,1.0,0.6254556967067383,0.5106238576542848,1.0
897,1.0,0.840900311261126,0.8649577836398342,1.0
898,1.0,0.5361479044086674,0.9772857103157561,1.0
899,1.0,0.578683934643786,0.9974960876234682,1.0
900,1.0,0.44152644266392604,1.0,1.0
901,1.0,0.6052453193990261,1.0,1.0
902,1.0,0.8826642485710147,1.0,1.0
903,1.0,0.9797896226922879,0.9557321503135794,1.0
904,1.0,0.9974960876234682,0.5120904320299591,1.0
905,1.0,1.0,0.13754612873669736,1.0
906,1.0,1.0,0.022714289684243855,1.0
907,1.0,1.0,0.002503912376531775,1.0
908,1.0,1.0,0.0,1.0
909,1.0,0.9557321503135794,0.0,1.0
910,1.0,0.5120904320299591,0.04426784968642053,1.0
911,1.0,0.13754612873669736,0.4879095679700409,1.0
912,1.0,0.022714289684243855,0.8624538712633025,1.0
913,0.9557321503135794,0.002503912376531775,0.9330178606293357,1.0
914,0.5120904320299591,0.0,0.5095865196534273,1.0
915,0.18181397842311792,0.0,0.13754612873669736,1.0
916,0.5106238576542848,0.0,0.022714289684243855,1.0
917,0.8649577836398342,0.0,0.046771762062952305,1.0
918,0.9772857103157561,0.0,0.4879095679700409,1.0
919,0.9974960876234682,0.0,0.8624538712633025,1.0
920,1.0,0.0,0.9772857103157561,1.0
921,1.0,0.0,0.9974960876234682,1.0
922,1.0,0.0,1.0,1.0
923,0.9557321503135794,0.0,0.9557321503135794,1.0
924,0.5563582817163796,0.0,0.5120904320299591,1.0
925,0.6254556967067383,0.0,0.18181397842311792,1.0
926,0.8851681609475465,0.04426784968642053,0.5106238576542848,1.0
927,0.9797896226922879,0.4879095679700409,0.8649577836398342,1.0
928,0.9974960876234682,0.8624538712633025,0.9772857103157561,1.0
929,1.0,0.9772857103157561,0.9974960876234682,1.0
930,1.0,0.9532282379370476,1.0,1.0
931,1.0,0.5120904320299591,1.0,1.0
932,1.0,0.18181397842311792,1.0,1.0
933,1.0,0.5106238576542848,1.0,1.0
934,1.0,0.8206899339534138,1.0,1.0
935,1.0,0.4893761423457152,1.0,1.0
936,1.0,0.13504221636016558,1.0,1.0
937,1.0,0.06698213937066438,1.0,1.0
938,1.0,0.44614563066015217,1.0,1.0
939,1.0,0.37454430329326166,1.0,1.0
940,0.9557321503135794,0.11483183905245352,0.9557321503135794,0.9557321503135794
941,0.5120904320299591,0.020210377307712083,0.5120904320299591,0.5120904320299591
942,0.18181397842311792,0.046771762062952305,0.13754612873669736,0.18181397842311792
943,0.46635600796786425,0.4879095679700409,0.022714289684243855,0.5106238576542848
944,0.42131606535621396,0.8624538712633025,0.046771762062952305,0.8649577836398342
945,0.6027414070224943,0.9330178606293357,0.4879095679700409,0.9772857103157561
946,0.8826642485710147,0.5095865196534273,0.8624538712633025,0.9974960876234682
947,0.9797896226922879,0.13754612873669736,0.9772857103157561,1.0
948,0.9974960876234682,0.022714289684243855,0.9974960876234682,1.0
949,1.0,0.002503912376531775,1.0,1.0
950,1.0,0.0,1.0,1.0
951,0.9557321503135794,0.0,0.9557321503135794,0.9557321503135794
952,0.5120904320299591,0.04426784968642053,0.5120904320299591,0.5563582817163796
953,0.13754612873669736,0.4879095679700409,0.13754612873669736,0.6254556967067383
954,0.022714289684243855,0.8624538712633025,0.022714289684243855,0.8851681609475465
955,0.002503912376531775,0.9772857103157561,0.002503912376531775,0.9797896226922879
956,0.0,0.9532282379370476,0.0,0.9532282379370476
957,0.04426784968642053,0.5120904320299591,0.0,0.5563582817163796
958,0.4879095679700409,0.13754612873669736,0.0,0.6254556967067383
959,0.8624538712633025,0.06698213937066438,0.0,0.8851681609475465
960,0.9330178606293357,0.4904134803465727,0.0,0.9797896226922879
961,0.5095865196534273,0.8624538712633025,0.0,0.9974960876234682
962,0.13754612873669736,0.9772857103157561,0.04426784968642053,1.0
963,0.022714289684243855,0.9974960876234682,0.4879095679700409,1.0
964,0.002503912376531775,1.0,0.8181860215768821,1.0
965,0.0,1.0,0.4893761423457152,1.0
966,0.0,1.0,0.13504221636016558,1.0
967,0.0,0.9557321503135794,0.022714289684243855,0.9557321503135794
968,0.0,0.5120904320299591,0.002503912376531775,0.5120904320299591
969,0.0,0.13754612873669736,0.0,0.13754612873669736
970,0.0,0.022714289684243855,0.0,0.022714289684243855
971,0.0,0.002503912376531775,0.0,0.002503912376531775
972,0.04426784968642053,0.04426784968642053,0.0,0.04426784968642053
973,0.4879095679700409,0.4879095679700409,0.0,0.4879095679700409
974,0.8624538712633025,0.8624538712633025,0.0,0.8624538712633025
975,0.9772857103157561,0.9772857103157561,0.0,0.9772857103157561
976,0.9974960876234682,0.9974960876234682,0.0,0.9974960876234682
977,1.0,1.0,0.0,1.0
978,1.0,1.0,0.04426784968642053,1.0
979,1.0,0.9557321503135794,0.4879095679700409,1.0
980,1.0,0.5563582817163796,0.8624538712633025,1.0
981,1.0,0.5811878470203178,0.9772857103157561,1.0
982,1.0,0.39725859297750554,0.9974960876234682,1.0
983,1.0,0.1616036011154058,1.0,1.0
984,1.0,0.5081199452777531,1.0,1.0
985,1.0,0.8649577836398342,0.9557321503135794,1.0
986,1.0,0.9772857103157561,0.5120904320299591,1.0
987,1.0,0.9532282379370476,0.18181397842311792,1.0
988,1.0,0.5120904320299591,0.5106238576542848,1.0
989,1.0,0.13754612873669736,0.8649577836398342,1.0
990,1.0,0.022714289684243855,0.9772857103157561,1.0
991,1.0,0.002503912376531775,0.9974960876234682,1.0
992,1.0,0.0,1.0,1.0
993,1.0,0.0,1.0,1.0
994,1.0,0.0,1.0,1.0
995,1.0,0.0,1.0,1.0
996,1.0,0.0,1.0,1.0
997,1.0,0.0,1.0,1.0
998,1.0,0.0,1.0,1.0
999,1.0,0.0,1.0,1.0
1000,1.0,0.0,1.0,1.0
1001,1.0,0.0,1.0,1.0
1002,1.0,0.0,1.0,1.0
1003,1.0,0.0,1.0,1.0
1004,1.0,0.0,1.0,1.0
1005,1.0,0.0,1.0,1.0
1006,1.0,0.0,1.0,1.0
1007,1.0,0.0,1.0,1.0
1008,1.0,0.0,1.0,1.0
1009,1.0,0.0,1.0,1.0
1010,1.0,0.0,1.0,1.0
1011,1.0,0.0,1.0,1.0
1012,1.0,0.0,1.0,1.0
1013,1.0,0.0,1.0,1.0
1014,1.0,0.0,1.0,1.0
1015,1.0,0.0,0.9557321503135794,1.0
1016,1.0,0.0,0.5120904320299591,1.0
1017,1.0,0.0,0.13754612873669736,1.0
1018,0.9557321503135794,0.04426784968642053,0.022714289684243855,1.0
1019,0.5120904320299591,0.4879095679700409,0.002503912376531775,1.0
1020,0.18181397842311792,0.8624538712633025,0.0,1.0
1021,0.5106238576542848,0.9330178606293357,0.04426784968642053,1.0
1022,0.8649577836398342,0.5538543693398477,0.4879095679700409,1.0
1023,0.9772857103157561,0.6254556967067383,0.8624538712633025,1.0
1024,0.9974960876234682,0.8851681609475465,0.9772857103157561,1.0
1025,1.0,0.9355217730058675,0.9974960876234682,1.0
1026,1.0,0.5095865196534273,0.9557321503135794,1.0
1027,1.0,0.13754612873669736,0.5120904320299591,1.0
1028,1.0,0.022714289684243855,0.13754612873669736,1.0
1029,1.0,0.046771762062952305,0.022714289684243855,1.0
1030,0.9557321503135794,0.4879095679700409,0.002503912376531775,1.0
1031,0.5563582817163796,0.8624538712633025,0.04426784968642053,1.0
1032,0.6254556967067383,0.9772857103157561,0.4879095679700409,1.0
1033,0.8851681609475465,0.9974960876234682,0.8624538712633025,1.0
1034,0.9797896226922879,1.0,0.9772857103157561,1.0
1035,0.9974960876234682,0.9557321503135794,0.9974960876234682,1.0
1036,1.0,0.5120904320299591,1.0,1.0
1037,1.0,0.13754612873669736,0.9557321503135794,1.0
1038,1.0,0.022714289684243855,0.5120904320299591,1.0
1039,1.0,0.046771762062952305,0.13754612873669736,1.0
1040,1.0,0.4879095679700409,0.022714289684243855,1.0
1041,1.0,0.8181860215768821,0.002503912376531775,1.0
1042,1.0,0.4893761423457152,0.0,1.0
1043,1.0,0.13504221636016558,0.0,1.0
1044,1.0,0.022714289684243855,0.0,1.0
1045,1.0,0.002503912376531775,0.0,1.0
1046,1.0,0.0,0.0,1.0
1047,1.0,0.0,0.0,1.0
1048,1.0,0.0,0.0,1.0
1049,1.0,0.0,0.0,1.0
1050,1.0,0.0,0.0,1.0
1051,1.0,0.0,0.0,1.0
1052,1.0,0.0,0.0,1.0
1053,1.0,0.0,0.0,1.0
1054,1.0,0.0,0.0,1.0
1055,1.0,0.0,0.0,1.0
1056,1.0,0.0,0.0,1.0
1057,1.0,0.0,0.0,1.0
1058,1.0,0.0,0.0,1.0
1059,1.0,0.0,0.0,1.0
1060,1.0,0.0,0.0,1.0
1061,1.0,0.0,0.0,1.0
1062,1.0,0.0,0.0,1.0
1063,1.0,0.0,0.0,1.0
1064,1.0,0.0,0.0,0.9557321503135794
1065,1.0,0.0,0.0,0.5120904320299591
1066,1.0,0.0,0.0,0.18181397842311792
1067,1.0,0.04426784968642053,0.0,0.5106238576542848
1068,0.9557321503135794,0.4879095679700409,0.0,0.8649577836398342
1069,0.5563582817163796,0.8624538712633025,0.04426784968642053,0.9772857103157561
1070,0.5811878470203178,0.9330178606293357,0.4436417182836204,0.9974960876234682
1071,0.39725859297750554,0.5538543693398477,0.37454430329326166,1.0
1072,0.11733575142898528,0.5811878470203178,0.11483183905245352,0.9557321503135794
1073,0.06447822699413261,0.39725859297750554,0.020210377307712083,0.5563582817163796
1074,0.4904134803465727,0.1616036011154058,0.002503912376531775,0.6254556967067383
1075,0.8624538712633025,0.5081199452777531,0.0,0.8851681609475465
1076,0.9772857103157561,0.8649577836398342,0.0,0.9797896226922879
1077,0.9974960876234682,0.9772857103157561,0.0,0.9974960876234682
1078,1.0,0.9532282379370476,0.04426784968642053,1.0
1079,1.0,0.5120904320299591,0.4879095679700409,1.0
1080,1.0,0.13754612873669736,0.8624538712633025,1.0
1081,1.0,0.022714289684243855,0.9772857103157561,1.0
1082,1.0,0.002503912376531775,0.9974960876234682,1.0
1083,1.0,0.0,1.0,1.0
1084,1.0,0.0,1.0,1.0
1085,1.0,0.04426784968642053,1.0,1.0
1086,1.0,0.4879095679700409,1.0,1.0
1087,1.0,0.8181860215768821,1.0,1.0
1088,1.0,0.4893761423457152,1.0,1.0
1089,1.0,0.13504221636016558,1.0,1.0
1090,1.0,0.022714289684243855,1.0,1.0
1091,1.0,0.002503912376531775,1.0,1.0
1092,1.0,0.0,1.0,1.0
1093,1.0,0.0,0.9557321503135794,1.0
1094,1.0,0.0,0.5120904320299591,1.0
1095,1.0,0.0,0.13754612873669736,1.0
1096,1.0,0.0,0.022714289684243855,1.0
1097,1.0,0.0,0.002503912376531775,1.0
1098,1.0,0.0,0.0,1.0
1099,1.0,0.0,0.0,1.0
1100,1.0,0.0,0.0,1.0
1101,1.0,0.0,0.0,1.0
1102,1.0,0.0,0.0,1.0
1103,1.0,0.0,0.0,1.0
1104,1.0,0.0,0.04426784968642053,1.0
1105,1.0,0.0,0.4879095679700409,1.0
1106,1.0,0.04426784968642053,0.8181860215768821,1.0
1107,1.0,0.4879095679700409,0.4893761423457152,1.0
1108,1.0,0.8624538712633025,0.17931006604658611,1.0
1109,1.0,0.9772857103157561,0.5106238576542848,1.0
1110,1.0,0.9532282379370476,0.8206899339534138,1.0
1111,1.0,0.5120904320299591,0.5336439920321357,1.0
1112,1.0,0.13754612873669736,0.6229517843302065,1.0
1113,1.0,0.06698213937066438,0.8851681609475465,1.0
1114,0.9557321503135794,0.4904134803465727,0.9355217730058675,1.0
1115,0.5563582817163796,0.8624538712633025,0.5538543693398477,1.0
1116,0.6254556967067383,0.9772857103157561,0.6254556967067383,1.0
1117,0.8851681609475465,0.9532282379370476,0.8851681609475465,1.0
1118,0.9797896226922879,0.5120904320299591,0.9797896226922879,1.0
1119,0.9974960876234682,0.13754612873669736,0.9974960876234682,1.0
1120,1.0,0.022714289684243855,1.0,1.0
1121,1.0,0.002503912376531775,1.0,1.0
1122,1.0,0.0,1.0,1.0
1123,1.0,0.0,1.0,1.0
1124,1.0,0.0,1.0,1.0
1125,1.0,0.0,1.0,1.0
1126,1.0,0.0,1.0,1.0
1127,1.0,0.0,1.0,1.0
1128,1.0,0.0,1.0,1.0
1129,1.0,0.0,1.0,1.0
1130,1.0,0.0,1.0,1.0
1131,1.0,0.0,1.0,1.0
1132,1.0,0.0,1.0,1.0
1133,1.0,0.0,1.0,1.0
1134,1.0,0.04426784968642053,1.0,1.0
1135,1.0,0.4436417182836204,1.0,1.0
1136,1.0,0.37454430329326166,1.0,1.0
1137,0.9557321503135794,0.11483183905245352,0.9557321503135794,0.9557321503135794
1138,0.5563582817163796,0.020210377307712083,0.5563582817163796,0.5563582817163796
1139,0.6254556967067383,0.046771762062952305,0.6254556967067383,0.6254556967067383
1140,0.8851681609475465,0.4436417182836204,0.8851681609475465,0.8851681609475465
1141,0.9355217730058675,0.37454430329326166,0.9355217730058675,0.9797896226922879
1142,0.5095865196534273,0.11483183905245352,0.5095865196534273,0.9532282379370476
1143,0.13754612873669736,0.020210377307712083,0.13754612873669736,0.5120904320299591
1144,0.022714289684243855,0.002503912376531775,0.022714289684243855,0.18181397842311792
1145,0.002503912376531775,0.0,0.002503912376531775,0.5106238576542848
1146,0.0,0.0,0.04426784968642053,0.8649577836398342
1147,0.0,0.0,0.4879095679700409,0.9772857103157561
1148,0.04426784968642053,0.0,0.8624538712633025,0.9974960876234682
1149,0.4879095679700409,0.0,0.9772857103157561,1.0
1150,0.8624538712633025,0.0,0.9974960876234682,1.0
1151,0.9772857103157561,0.0,1.0,1.0
1152,0.9974960876234682,0.0,1.0,1.0
1153,0.9557321503135794,0.0,1.0,1.0
1154,0.5120904320299591,0.0,1.0,1.0
1155,0.18181397842311792,0.0,1.0,1.0
1156,0.5106238576542848,0.04426784968642053,1.0,1.0
1157,0.8649577836398342,0.4879095679700409,1.0,1.0
1158,0.9772857103157561,0.8181860215768821,1.0,1.0
1159,0.9974960876234682,0.4893761423457152,1.0,1.0
1160,1.0,0.13504221636016558,1.0,1.0
1161,1.0,0.022714289684243855,1.0,1.0
1162,1.0,0.046771762062952305,1.0,1.0
1163,1.0,0.4879095679700409,1.0,1.0
1164,0.9557321503135794,0.8181860215768821,0.9557321503135794,1.0
1165,0.5563582817163796,0.4893761423457152,0.5563582817163796,1.0
1166,0.6254556967067383,0.13504221636016558,0.6254556967067383,1.0
1167,0.8851681609475465,0.022714289684243855,0.8851681609475465,1.0
1168,0.9797896226922879,0.002503912376531775,0.9797896226922879,1.0
1169,0.9974960876234682,0.0,0.9974960876234682,1.0
1170,1.0,0.0,1.0,1.0
1171,1.0,0.0,1.0,1.0
1172,1.0,0.0,1.0,1.0
1173,1.0,0.0,1.0,1.0
1174,1.0,0.04426784968642053,1.0,1.0
1175,1.0,0.4879095679700409,0.9557321503135794,1.0
1176,1.0,0.8624538712633025,0.5563582817163796,1.0
1177,1.0,0.9330178606293357,0.6254556967067383,1.0
1178,1.0,0.5538543693398477,0.840900311261126,1.0
1179,1.0,0.6254556967067383,0.49188005472224694,1.0
1180,1.0,0.840900311261126,0.13504221636016558,1.0
1181,1.0,0.5361479044086674,0.022714289684243855,1.0
1182,1.0,0.6229517843302065,0.002503912376531775,1.0
1183,1.0,0.840900311261126,0.0,1.0
1184,1.0,0.5361479044086674,0.0,1.0
1185,1.0,0.6229517843302065,0.0,1.0
1186,1.0,0.8851681609475465,0.0,1.0
1187,1.0,0.9797896226922879,0.04426784968642053,1.0
1188,1.0,0.9974960876234682,0.4879095679700409,1.0
1189,1.0,1.0,0.8624538712633025,1.0
1190,1.0,0.9557321503135794,0.9772857103157561,1.0
1191,1.0,0.5120904320299591,0.9974960876234682,1.0
1192,1.0,0.13754612873669736,1.0,1.0
1193,1.0,0.022714289684243855,1.0,1.0
1194,1.0,0.002503912376531775,1.0,1.0
1195,1.0,0.0,1.0,1.0
1196,1.0,0.04426784968642053,1.0,1.0
1197,1.0,0.4879095679700409,1.0,1.0
1198,1.0,0.8181860215768821,1.0,1.0
1199,1.0,0.4893761423457152,1.0,1.0
1200,1.0,0.13504221636016558,1.0,1.0
1201,1.0,0.06698213937066438,0.9557321503135794,1.0
1202,1.0,0.4904134803465727,0.5563582817163796,1.0
1203,1.0,0.8181860215768821,0.6254556967067383,1.0
1204,1.0,0.5336439920321357,0.8851681609475465,1.0
1205,0.9557321503135794,0.6229517843302065,0.9355217730058675,1.0
1206,0.5120904320299591,0.840900311261126,0.5095865196534273,1.0
1207,0.13754612873669736,0.5361479044086674,0.13754612873669736,1.0
1208,0.06698213937066438,0.578683934643786,0.022714289684243855,1.0
1209,0.4904134803465727,0.39725859297750554,0.002503912376531775,1.0
1210,0.8624538712633025,0.11733575142898528,0.0,1.0
1211,0.9772857103157561,0.020210377307712083,0.0,1.0
1212,0.9974960876234682,0.002503912376531775,0.0,1.0
1213,1.0,0.0,0.0,1.0
1214,1.0,0.0,0.0,1.0
1215,1.0,0.0,0.0,1.0
1216,1.0,0.0,0.0,1.0
1217,1.0,0.0,0.0,1.0
1218,1.0,0.0,0.0,1.0
1219,1.0,0.0,0.0,1.0
1220,1.0,0.0,0.0,1.0
1221,1.0,0.0,0.0,1.0
1222,1.0,0.0,0.04426784968642053,1.0
1223,1.0,0.0,0.4436417182836204,1.0
1224,1.0,0.0,0.4188121529796822,1.0
1225,1.0,0.04426784968642053,0.6027414070224943,1.0
1226,1.0,0.4879095679700409,0.8383963988845942,1.0
1227,1.0,0.8624538712633025,0.49188005472224694,1.0
1228,1.0,0.9772857103157561,0.13504221636016558,1.0
1229,1.0,0.9974960876234682,0.022714289684243855,1.0
1230,1.0,1.0,0.002503912376531775,1.0
1231,1.0,0.9557321503135794,0.0,1.0
1232,1.0,0.5563582817163796,0.0,1.0
1233,1.0,0.6254556967067383,0.0,1.0
1234,1.0,0.8851681609475465,0.0,1.0
1235,1.0,0.9797896226922879,0.0,1.0
1236,1.0,0.9974960876234682,0.0,1.0
1237,1.0,1.0,0.0,1.0
1238,1.0,1.0,0.04426784968642053,1.0
1239,0.9557321503135794,1.0,0.4436417182836204,1.0
1240,0.5563582817163796,1.0,0.4188121529796822,1.0
1241,0.6254556967067383,0.9557321503135794,0.6027414070224943,1.0
1242,0.8851681609475465,0.5120904320299591,0.8826642485710147,1.0
1243,0.9797896226922879,0.13754612873669736,0.9797896226922879,1.0
1244,0.9974960876234682,0.022714289684243855,0.9974960876234682,1.0
1245,1.0,0.046771762062952305,1.0,1.0
1246,1.0,0.4879095679700409,0.9557321503135794,1.0
1247,1.0,0.8624538712633025,0.5120904320299591,1.0
1248,1.0,0.9772857103157561,0.13754612873669736,1.0
1249,0.9557321503135794,0.9532282379370476,0.022714289684243855,0.9557321503135794
1250,0.5563582817163796,0.5120904320299591,0.002503912376531775,0.5563582817163796
1251,0.6254556967067383,0.18181397842311792,0.0,0.6254556967067383
1252,0.8851681609475465,0.5106238576542848,0.0,0.8851681609475465
1253,0.9797896226922879,0.8206899339534138,0.04426784968642053,0.9797896226922879
1254,0.9974960876234682,0.4893761423457152,0.4879095679700409,0.9974960876234682
1255,1.0,0.13504221636016558,0.8624538712633025,1.0
1256,1.0,0.022714289684243855,0.9772857103157561,1.0
1257,1.0,0.002503912376531775,0.9974960876234682,1.0
1258,1.0,0.0,1.0,1.0
1259,1.0,0.0,1.0,1.0
1260,1.0,0.0,0.9557321503135794,1.0
1261,1.0,0.04426784968642053,0.5120904320299591,1.0
1262,1.0,0.4879095679700409,0.13754612873669736,1.0
1263,1.0,0.8624538712633025,0.022714289684243855,1.0
1264,1.0,0.9772857103157561,0.002503912376531775,1.0
1265,1.0,0.9532282379370476,0.04426784968642053,1.0
1266,1.0,0.5120904320299591,0.4879095679700409,0.9557321503135794
1267,0.9557321503135794,0.18181397842311792,0.8181860215768821,0.5563582817163796
1268,0.5120904320299591,0.5106238576542848,0.4893761423457152,0.6254556967067383
1269,0.13754612873669736,0.8649577836398342,0.13504221636016558,0.8851681609475465
1270,0.022714289684243855,0.9330178606293357,0.022714289684243855,0.9797896226922879
1271,0.002503912376531775,0.5538543693398477,0.002503912376531775,0.9974960876234682
1272,0.04426784968642053,0.6254556967067383,0.0,1.0
1273,0.4879095679700409,0.8851681609475465,0.04426784968642053,1.0
1274,0.8624538712633025,0.9355217730058675,0.4879095679700409,1.0
1275,0.9772857103157561,0.5538543693398477,0.8624538712633025,1.0
1276,0.9974960876234682,0.6254556967067383,0.9772857103157561,1.0
1277,1.0,0.840900311261126,0.9974960876234682,1.0
1278,1.0,0.49188005472224694,1.0,1.0
1279,1.0,0.13504221636016558,1.0,1.0
1280,1.0,0.06698213937066438,1.0,1.0
1281,1.0,0.4904134803465727,1.0,1.0
1282,0.9557321503135794,0.8624538712633025,0.9557321503135794,1.0
1283,0.5120904320299591,0.9772857103157561,0.5120904320299591,1.0
1284,0.18181397842311792,0.9532282379370476,0.13754612873669736,0.9557321503135794
1285,0.5106238576542848,0.5120904320299591,0.022714289684243855,0.5120904320299591
1286,0.8649577836398342,0.13754612873669736,0.046771762062952305,0.18181397842311792
1287,0.9772857103157561,0.06698213937066438,0.4879095679700409,0.5106238576542848
1288,0.9974960876234682,0.4904134803465727,0.8624538712633025,0.8649577836398342
1289,1.0,0.8624538712633025,0.9772857103157561,0.9772857103157561
1290,1.0,0.9772857103157561,0.9974960876234682,0.9974960876234682
1291,1.0,0.9532282379370476,1.0,1.0
1292,1.0,0.5120904320299591,1.0,1.0
1293,1.0,0.13754612873669736,1.0,1.0
1294,1.0,0.06698213937066438,1.0,1.0
1295,1.0,0.4904134803465727,1.0,1.0
1296,1.0,0.8181860215768821,1.0,1.0
1297,1.0,0.4893761423457152,1.0,1.0
1298,1.0,0.13504221636016558,1.0,1.0
1299,0.9557321503135794,0.06698213937066438,0.9557321503135794,1.0
1300,0.5120904320299591,0.4904134803465727,0.5120904320299591,1.0
1301,0.18181397842311792,0.8624538712633025,0.18181397842311792,1.0
1302,0.5106238576542848,0.9772857103157561,0.5106238576542848,1.0
1303,0.8649577836398342,0.9532282379370476,0.8649577836398342,1.0
1304,0.9772857103157561,0.5120904320299591,0.9772857103157561,1.0
1305,0.9974960876234682,0.13754612873669736,0.9974960876234682,1.0
1306,1.0,0.022714289684243855,1.0,1.0
1307,1.0,0.002503912376531775,1.0,1.0
1308,1.0,0.0,1.0,1.0
1309,1.0,0.04426784968642053,1.0,1.0
1310,1.0,0.4436417182836204,0.9557321503135794,1.0
1311,1.0,0.37454430329326166,0.5120904320299591,1.0
1312,1.0,0.11483183905245352,0.18181397842311792,1.0
1313,1.0,0.020210377307712083,0.5106238576542848,1.0
1314,1.0,0.046771762062952305,0.8206899339534138,1.0
1315,1.0,0.4436417182836204,0.4893761423457152,1.0
1316,1.0,0.37454430329326166,0.13504221636016558,1.0
1317,1.0,0.11483183905245352,0.022714289684243855,1.0
1318,1.0,0.020210377307712083,0.046771762062952305,1.0
1319,1.0,0.002503912376531775,0.4879095679700409,1.0
1320,1.0,0.04426784968642053,0.8624538712633025,1.0
1321,1.0,0.4436417182836204,0.9772857103157561,1.0
1322,1.0,0.4188121529796822,0.9974960876234682,1.0
1323,0.9557321503135794,0.6027414070224943,0.9557321503135794,1.0
1324,0.5563582817163796,0.8383963988845942,0.5120904320299591,1.0
1325,0.6254556967067383,0.5361479044086674,0.13754612873669736,1.0
1326,0.8851681609475465,0.6229517843302065,0.022714289684243855,1.0
1327,0.9797896226922879,0.8851681609475465,0.046771762062952305,1.0
1328,0.9974960876234682,0.9797896226922879,0.4879095679700409,1.0
1329,1.0,0.9532282379370476,0.8624538712633025,1.0
1330,1.0,0.5120904320299591,0.9772857103157561,1.0
1331,1.0,0.13754612873669736,0.9974960876234682,1.0
1332,1.0,0.022714289684243855,1.0,1.0
1333,1.0,0.046771762062952305,1.0,1.0
1334,1.0,0.4879095679700409,1.0,1.0
1335,1.0,0.8181860215768821,1.0,1.0
1336,1.0,0.4893761423457152,1.0,1.0
1337,1.0,0.13504221636016558,1.0,1.0
1338,1.0,0.022714289684243855,1.0,1.0
1339,1.0,0.002503912376531775,1.0,1.0
1340,1.0,0.0,1.0,1.0
1341,1.0,0.0,1.0,1.0
1342,1.0,0.0,1.0,1.0
1343,1.0,0.0,1.0,1.0
1344,1.0,0.0,1.0,1.0
1345,1.0,0.0,1.0,1.0
1346,1.0,0.0,1.0,1.0
1347,1.0,0.04426784968642053,0.9557321503135794,1.0
1348,1.0,0.4879095679700409,0.5563582817163796,1.0
1349,1.0,0.8624538712633025,0.6254556967067383,1.0
1350,0.9557321503135794,0.9772857103157561,0.8851681609475465,1.0
1351,0.5120904320299591,0.9974960876234682,0.9355217730058675,1.0
1352,0.13754612873669736,0.9557321503135794,0.5095865196534273,1.0
1353,0.022714289684243855,0.5120904320299591,0.13754612873669736,1.0
1354,0.002503912376531775,0.13754612873669736,0.022714289684243855,1.0
1355,0.0,0.06698213937066438,0.002503912376531775,1.0
1356,0.04426784968642053,0.4904134803465727,0.0,1.0
1357,0.4879095679700409,0.8624538712633025,0.0,1.0
1358,0.8624538712633025,0.9330178606293357,0.0,1.0
1359,0.9772857103157561,0.5095865196534273,0.0,1.0
1360,0.9974960876234682,0.18181397842311792,0.0,1.0
1361,1.0,0.5106238576542848,0.0,1.0
1362,1.0,0.8649577836398342,0.0,1.0
1363,1.0,0.9772857103157561,0.0,1.0
1364,0.9557321503135794,0.9532282379370476,0.0,1.0
1365,0.5120904320299591,0.5120904320299591,0.0,1.0
1366,0.13754612873669736,0.18181397842311792,0.04426784968642053,1.0
1367,0.06698213937066438,0.5106238576542848,0.4879095679700409,1.0
1368,0.4904134803465727,0.8649577836398342,0.8181860215768821,1.0
1369,0.8624538712633025,0.9330178606293357,0.4893761423457152,1.0
1370,0.9772857103157561,0.5095865196534273,0.17931006604658611,1.0
1371,0.9974960876234682,0.13754612873669736,0.5106238576542848,1.0
1372,1.0,0.022714289684243855,0.8649577836398342,1.0
1373,1.0,0.002503912376531775,0.9330178606293357,1.0
1374,1.0,0.0,0.5538543693398477,1.0
1375,1.0,0.0,0.6254556967067383,1.0
1376,1.0,0.0,0.8851681609475465,1.0
1377,1.0,0.0,0.9797896226922879,1.0
1378,0.9557321503135794,0.0,0.9532282379370476,0.9557321503135794
1379,0.5120904320299591,0.0,0.5120904320299591,0.5563582817163796
1380,0.18181397842311792,0.04426784968642053,0.18181397842311792,0.6254556967067383
1381,0.5106238576542848,0.4879095679700409,0.5106238576542848,0.8851681609475465
1382,0.8649577836398342,0.8181860215768821,0.8649577836398342,0.9797896226922879
1383,0.9772857103157561,0.4893761423457152,0.9772857103157561,0.9974960876234682
1384,0.9974960876234682,0.13504221636016558,0.9532282379370476,1.0
1385,1.0,0.022714289684243855,0.5120904320299591,1.0
1386,1.0,0.002503912376531775,0.13754612873669736,1.0
1387,1.0,0.0,0.022714289684243855,1.0
1388,1.0,0.04426784968642053,0.002503912376531775,1.0
1389,1.0,0.4879095679700409,0.0,1.0
1390,1.0,0.8624538712633025,0.0,1.0
1391,1.0,0.9330178606293357,0.0,1.0
1392,1.0,0.5095865196534273,0.04426784968642053,1.0
1393,1.0,0.13754612873669736,0.4879095679700409,1.0
1394,1.0,0.022714289684243855,0.8624538712633025,1.0
1395,1.0,0.002503912376531775,0.9772857103157561,1.0
1396,1.0,0.0,0.9974960876234682,1.0
1397,1.0,0.0,1.0,1.0
1398,1.0,0.0,1.0,1.0
1399,1.0,0.0,1.0,1.0
1400,1.0,0.0,1.0,1.0
1401,1.0,0.0,1.0,1.0
1402,1.0,0.0,1.0,1.0
1403,1.0,0.0,1.0,1.0
1404,1.0,0.0,1.0,1.0
1405,1.0,0.0,1.0,1.0
1406,1.0,0.04426784968642053,1.0,1.0
1407,1.0,0.4436417182836204,1.0,1.0
1408,1.0,0.37454430329326166,1.0,1.0
1409,0.9557321503135794,0.11483183905245352,0.9557321503135794,0.9557321503135794
1410,0.5563582817163796,0.020210377307712083,0.5120904320299591,0.5563582817163796
1411,0.5811878470203178,0.046771762062952305,0.13754612873669736,0.6254556967067383
1412,0.44152644266392604,0.4436417182836204,0.06698213937066438,0.8851681609475465
1413,0.6052453193990261,0.37454430329326166,0.4904134803465727,0.9797896226922879
1414,0.8826642485710147,0.11483183905245352,0.8624538712633025,0.9974960876234682
1415,0.9797896226922879,0.020210377307712083,0.9772857103157561,1.0
1416,0.9974960876234682,0.002503912376531775,0.9532282379370476,0.9557321503135794
1417,1.0,0.0,0.5563582817163796,0.5563582817163796
1418,1.0,0.04426784968642053,0.6254556967067383,0.6254556967067383
1419,1.0,0.4436417182836204,0.8851681609475465,0.8851681609475465
1420,1.0,0.37454430329326166,0.9797896226922879,0.9797896226922879
1421,1.0,0.11483183905245352,0.9974960876234682,0.9974960876234682
1422,1.0,0.020210377307712083,1.0,1.0
1423,1.0,0.002503912376531775,1.0,1.0
1424,1.0,0.0,1.0,1.0
1425,1.0,0.0,1.0,1.0
1426,1.0,0.0,1.0,1.0
1427,1.0,0.0,1.0,1.0
1428,1.0,0.0,0.9557321503135794,1.0
1429,1.0,0.0,0.5120904320299591,1.0
1430,1.0,0.0,0.18181397842311792,1.0
1431,1.0,0.0,0.5106238576542848,1.0
1432,1.0,0.0,0.8649577836398342,1.0
1433,1.0,0.0,0.9772857103157561,1.0
1434,1.0,0.0,0.9974960876234682,1.0
1435,1.0,0.0,0.9557321503135794,0.9557321503135794
1436,1.0,0.0,0.5120904320299591,0.5563582817163796
1437,1.0,0.0,0.13754612873669736,0.6254556967067383
1438,0.9557321503135794,0.04426784968642053,0.022714289684243855,0.8851681609475465
1439,0.5120904320299591,0.4879095679700409,0.002503912376531775,0.9797896226922879
1440,0.13754612873669736,0.8624538712633025,0.0,0.9974960876234682
1441,0.06698213937066438,0.9330178606293357,0.04426784968642053,1.0
1442,0.4904134803465727,0.5095865196534273,0.4879095679700409,1.0
1443,0.8624538712633025,0.13754612873669736,0.8624538712633025,1.0
1444,0.9772857103157561,0.022714289684243855,0.9772857103157561,1.0
1445,0.9974960876234682,0.002503912376531775,0.9974960876234682,1.0
1446,1.0,0.0,1.0,1.0
1447,1.0,0.0,1.0,1.0
1448,1.0,0.0,1.0,1.0
1449,1.0,0.0,1.0,1.0
1450,1.0,0.0,1.0,1.0
1451,1.0,0.0,1.0,1.0
1452,1.0,0.0,1.0,1.0
1453,1.0,0.04426784968642053,1.0,1.0
1454,1.0,0.4436417182836204,0.9557321503135794,1.0
1455,1.0,0.37454430329326166,0.5563582817163796,1.0
1456,1.0,0.11483183905245352,0.6254556967067383,1.0
1457,1.0,0.020210377307712083,0.8851681609475465,1.0
1458,1.0,0.046771762062952305,0.9797896226922879,1.0
1459,1.0,0.4879095679700409,0.9974960876234682,1.0
1460,1.0,0.8624538712633025,1.0,1.0
1461,1.0,0.9772857103157561,1.0,1.0
1462,1.0,0.9974960876234682,1.0,1.0
1463,1.0,1.0,1.0,1.0
1464,1.0,0.9557321503135794,1.0,1.0
1465,1.0,0.5120904320299591,1.0,1.0
1466,1.0,0.13754612873669736,1.0,1.0
1467,1.0,0.022714289684243855,1.0,1.0
1468,1.0,0.002503912376531775,1.0,1.0
1469,1.0,0.0,1.0,1.0
1470,1.0,0.04426784968642053,1.0,1.0
1471,1.0,0.4436417182836204,1.0,1.0
1472,1.0,0.37454430329326166,1.0,1.0
1473,0.9557321503135794,0.15909968873887403,0.9557321503135794,1.0
1474,0.5563582817163796,0.5081199452777531,0.5563582817163796,1.0
1475,0.6254556967067383,0.8206899339534138,0.6254556967067383,1.0
1476,0.8851681609475465,0.4893761423457152,0.8851681609475465,1.0
1477,0.9797896226922879,0.17931006604658611,0.9797896226922879,1.0
1478,0.9974960876234682,0.5106238576542848,0.9974960876234682,1.0
1479,1.0,0.8649577836398342,1.0,1.0
1480,1.0,0.9330178606293357,1.0,1.0
1481,1.0,0.5095865196534273,1.0,1.0
1482,1.0,0.13754612873669736,1.0,1.0
1483,1.0,0.022714289684243855,1.0,1.0
1484,1.0,0.002503912376531775,1.0,1.0
1485,1.0,0.0,0.9557321503135794,0.9557321503135794
1486,1.0,0.04426784968642053,0.5120904320299591,0.5563582817163796
1487,1.0,0.4879095679700409,0.18181397842311792,0.6254556967067383
1488,1.0,0.8181860215768821,0.5106238576542848,0.8851681609475465
1489,1.0,0.5336439920321357,0.8649577836398342,0.9797896226922879
1490,1.0,0.6229517843302065,0.9330178606293357,0.9974960876234682
1491,1.0,0.8851681609475465,0.5095865196534273,1.0
1492,1.0,0.9355217730058675,0.13754612873669736,1.0
1493,1.0,0.5095865196534273,0.06698213937066438,1.0
1494,1.0,0.13754612873669736,0.4904134803465727,1.0
1495,1.0,0.022714289684243855,0.8624538712633025,1.0
1496,1.0,0.002503912376531775,0.9772857103157561,1.0
1497,1.0,0.0,0.9974960876234682,1.0
1498,1.0,0.0,1.0,1.0
1499,1.0,0.0,1.0,1.0
1500,1.0,0.0,1.0,1.0
1501,1.0,0.04426784968642053,1.0,1.0
1502,1.0,0.4879095679700409,0.9557321503135794,1.0
1503,1.0,0.8181860215768821,0.5120904320299591,1.0
1504,1.0,0.4893761423457152,0.13754612873669736,1.0
1505,1.0,0.13504221636016558,0.022714289684243855,1.0
1506,1.0,0.022714289684243855,0.002503912376531775,1.0
1507,1.0,0.002503912376531775,0.0,1.0
1508,1.0,0.04426784968642053,0.0,1.0
1509,1.0,0.4879095679700409,0.04426784968642053,1.0
1510,1.0,0.8624538712633025,0.4879095679700409,1.0
1511,1.0,0.9330178606293357,0.8624538712633025,1.0
1512,1.0,0.5095865196534273,0.9772857103157561,1.0
1513,1.0,0.18181397842311792,0.9974960876234682,1.0
1514,1.0,0.5106238576542848,1.0,1.0
1515,1.0,0.8649577836398342,1.0,1.0
1516,1.0,0.9772857103157561,1.0,1.0
1517,1.0,0.9974960876234682,0.9557321503135794,1.0
1518,0.9557321503135794,1.0,0.5120904320299591,1.0
1519,0.5563582817163796,1.0,0.18181397842311792,1.0
1520,0.6254556967067383,0.9557321503135794,0.5106238576542848,1.0
1521,0.8851681609475465,0.5563582817163796,0.8206899339534138,1.0
1522,0.9355217730058675,0.6254556967067383,0.4893761423457152,1.0
1523,0.5095865196534273,0.8851681609475465,0.13504221636016558,1.0
1524,0.18181397842311792,0.9797896226922879,0.06698213937066438,1.0
1525,0.5106238576542848,0.9532282379370476,0.4904134803465727,1.0
1526,0.8649577836398342,0.5120904320299591,0.8181860215768821,1.0
1527,0.9772857103157561,0.18181397842311792,0.4893761423457152,1.0
1528,0.9974960876234682,0.5106238576542848,0.13504221636016558,1.0
1529,1.0,0.8649577836398342,0.022714289684243855,1.0
1530,1.0,0.9772857103157561,0.002503912376531775,1.0
1531,1.0,0.9974960876234682,0.0,1.0
1532,1.0,1.0,0.0,1.0
1533,1.0,1.0,0.0,1.0
1534,1.0,1.0,0.0,1.0
1535,0.9557321503135794,1.0,0.0,1.0
1536,0.5563582817163796,1.0,0.0,1.0
1537,0.6254556967067383,0.9557321503135794,0.0,1.0
1538,0.8851681609475465,0.5120904320299591,0.04426784968642053,1.0
1539,0.9797896226922879,0.13754612873669736,0.4879095679700409,1.0
1540,0.9974960876234682,0.022714289684243855,0.8624538712633025,1.0
1541,1.0,0.002503912376531775,0.9772857103157561,1.0
1542,1.0,0.0,0.9974960876234682,1.0
1543,1.0,0.0,1.0,1.0
1544,1.0,0.0,1.0,1.0
1545,1.0,0.04426784968642053,1.0,1.0
1546,1.0,0.4879095679700409,0.9557321503135794,1.0
1547,1.0,0.8181860215768821,0.5120904320299591,1.0
1548,1.0,0.4893761423457152,0.13754612873669736,1.0
1549,1.0,0.13504221636016558,0.022714289684243855,1.0
1550,1.0,0.022714289684243855,0.046771762062952305,1.0
1551,1.0,0.002503912376531775,0.4879095679700409,0.9557321503135794
1552,1.0,0.0,0.8624538712633025,0.5563582817163796
1553,1.0,0.04426784968642053,0.9772857103157561,0.6254556967067383
1554,0.9557321503135794,0.4879095679700409,0.9532282379370476,0.8851681609475465
1555,0.5120904320299591,0.8624538712633025,0.5120904320299591,0.9797896226922879
1556,0.13754612873669736,0.9772857103157561,0.13754612873669736,0.9974960876234682
1557,0.022714289684243855,0.9974960876234682,0.022714289684243855,1.0
1558,0.046771762062952305,0.9557321503135794,0.046771762062952305,1.0
1559,0.4879095679700409,0.5563582817163796,0.4879095679700409,1.0
1560,0.8624538712633025,0.6254556967067383,0.8624538712633025,1.0
1561,0.9330178606293357,0.8851681609475465,0.9772857103157561,1.0
1562,0.5095865196534273,0.9797896226922879,0.9974960876234682,1.0
1563,0.18181397842311792,0.9532282379370476,1.0,1.0
1564,0.5106238576542848,0.5120904320299591,0.9557321503135794,1.0
1565,0.8649577836398342,0.13754612873669736,0.5120904320299591,1.0
1566,0.9772857103157561,0.06698213937066438,0.13754612873669736,1.0
1567,0.9532282379370476,0.4904134803465727,0.022714289684243855,1.0
1568,0.5120904320299591,0.8624538712633025,0.002503912376531775,1.0
1569,0.13754612873669736,0.9772857103157561,0.04426784968642053,1.0
1570,0.06698213937066438,0.9532282379370476,0.4879095679700409,1.0
1571,0.4904134803465727,0.5120904320299591,0.8624538712633025,1.0
1572,0.8624538712633025,0.13754612873669736,0.9772857103157561,1.0
1573,0.9772857103157561,0.022714289684243855,0.9974960876234682,1.0
1574,0.9974960876234682,0.002503912376531775,1.0,1.0
1575,1.0,0.0,1.0,1.0
1576,1.0,0.0,1.0,1.0
1577,1.0,0.0,1.0,1.0
1578,1.0,0.0,1.0,1.0
1579,1.0,0.0,1.0,1.0
1580,1.0,0.0,1.0,1.0
1581,1.0,0.0,1.0,1.0
1582,1.0,0.0,1.0,1.0
1583,1.0,0.0,1.0,1.0
1584,1.0,0.0,1.0,1.0
1585,1.0,0.0,0.9557321503135794,1.0
1586,1.0,0.0,0.5563582817163796,1.0
1587,1.0,0.0,0.6254556967067383,1.0
1588,1.0,0.0,0.8851681609475465,1.0
1589,1.0,0.0,0.9797896226922879,1.0
1590,1.0,0.0,0.9974960876234682,1.0
1591,1.0,0.0,0.9557321503135794,1.0
1592,1.0,0.0,0.5120904320299591,1.0
1593,1.0,0.0,0.18181397842311792,1.0
1594,1.0,0.0,0.5106238576542848,1.0
1595,1.0,0.0,0.8649577836398342,1.0
1596,0.9557321503135794,0.04426784968642053,0.9330178606293357,1.0
1597,0.5120904320299591,0.4436417182836204,0.5095865196534273,1.0
1598,0.18181397842311792,0.37454430329326166,0.18181397842311792,1.0
1599,0.5106238576542848,0.11483183905245352,0.5106238576542848,1.0
1600,0.8649577836398342,0.020210377307712083,0.8649577836398342,1.0
1601,0.9330178606293357,0.002503912376531775,0.9330178606293357,1.0
1602,0.5095865196534273,0.0,0.5095865196534273,0.9557321503135794
1603,0.13754612873669736,0.0,0.13754612873669736,0.5120904320299591
1604,0.022714289684243855,0.0,0.022714289684243855,0.13754612873669736
1605,0.002503912376531775,0.0,0.002503912376531775,0.06698213937066438
1606,0.0,0.0,0.0,0.44614563066015217
1607,0.0,0.0,0.0,0.37454430329326166
1608,0.0,0.0,0.0,0.11483183905245352
1609,0.0,0.0,0.0,0.020210377307712083
1610,0.0,0.0,0.0,0.002503912376531775
1611,0.0,0.0,0.0,0.0
1612,0.0,0.0,0.0,0.0
1613,0.0,0.0,0.0,0.0
