sociality,touch_1,multi_ag_vs_jointact_1,multi_ag_vs_jointact_2,ToM,people_present
0,0,0,0,0,0,0
1,0,0,0,0,0,0
2,0,0,0,0,0,0
3,0,0,0,0,0,0
4,0,0,0,0,0,0
5,0,0,0,0,0,0
6,0,0,0,0,0,0
7,0,0,0,0,0,0
8,0,0,0,0,0,0
9,0,0,0,0,0,0
10,0,0,0,0,0,0
11,0,0,0,0,0,0
12,0,0,0,0,0,0
13,0,0,0,0,0,0
14,0,0,0,0,0,0
15,0,0,0,0,0,0
16,0,0,0,0,0,0
17,0,0,0,0,0,0
18,0,0,0,0,0,0
19,0,0,0,0,0,0
20,0,0,0,0,0,0
21,0,0,0,0,0,0
22,0,0,0,0,0,0
23,0,0,0,0,0,0
24,0,0,0,0,0,0
25,0,0,0,0,0,0
26,0,0,0,0,0,0
27,0,0,0,0,0,0
28,1,0,0,0,0,0
29,1,1,0,0,0,0
30,1,1,0,0,0,0
31,1,1,0,0,0,0
32,1,1,0,0,0,0
33,1,1,0,0,0,0
34,0,0,0,0,0,0
35,0,0,0,0,0,0
36,0,0,0,0,0,0
37,0,0,0,0,0,0
38,0,0,0,0,0,0
39,0,0,0,0,0,0
40,0,0,0,0,0,0
41,0,0,0,0,0,0
42,0,0,0,0,0,0
43,0,0,0,0,0,0
44,0,0,0,0,0,0
45,0,0,0,0,0,0
46,0,0,0,0,0,0
47,0,0,0,0,0,0
48,0,0,0,0,0,0
49,0,0,0,0,0,0
50,0,0,0,0,0,0
51,0,0,0,0,0,0
52,0,0,0,0,0,0
53,0,0,0,0,0,0
54,0,0,0,0,0,0
55,0,0,0,0,0,0
56,0,0,0,0,0,0
57,0,0,0,0,0,0
58,0,0,0,0,0,0
59,1,0,0,0,0,0
60,1,0,0,0,0,0
61,1,0,0,0,0,1
62,1,0,0,0,0,1
63,1,0,0,0,0,1
64,1,0,0,0,0,1
65,1,0,0,0,0,1
66,1,0,0,0,0,1
67,1,0,0,0,0,1
68,1,0,0,0,1,1
69,1,0,0,0,1,1
70,1,0,0,0,1,0
71,1,0,0,0,1,1
72,1,0,0,0,1,1
73,1,0,0,0,1,1
74,0,0,0,0,0,0
75,0,0,0,0,0,0
76,0,0,0,0,0,0
77,0,0,0,0,0,0
78,0,0,0,0,0,1
79,1,0,0,0,0,0
80,1,0,0,0,0,1
81,0,0,0,0,0,1
82,1,0,0,0,0,1
83,1,0,0,0,0,0
84,1,0,0,0,0,1
85,1,0,0,0,0,1
86,1,0,0,0,0,1
87,1,0,0,0,0,1
88,1,0,0,0,0,0
89,1,0,0,0,0,0
90,1,0,0,0,0,0
91,1,0,0,0,0,0
92,1,0,0,0,0,1
93,1,0,0,0,0,0
94,1,0,0,0,0,0
95,1,0,0,0,0,0
96,1,1,0,0,0,0
97,1,1,0,0,0,0
98,1,1,0,0,0,0
99,1,1,0,0,0,0
100,1,0,0,0,0,0
101,1,0,0,0,0,0
102,1,0,0,0,1,0
103,1,0,0,0,1,1
104,1,0,0,0,0,1
105,1,0,0,0,0,1
106,1,0,0,0,0,1
107,1,0,0,0,0,1
108,1,0,0,0,0,1
109,1,0,0,0,0,1
110,1,0,0,0,0,1
111,1,0,0,0,0,1
112,0,0,0,0,0,1
113,0,0,0,0,0,1
114,0,0,0,0,0,1
115,0,0,0,0,0,0
116,0,0,0,0,0,1
117,0,0,0,0,0,1
118,1,0,0,0,0,1
119,1,0,0,0,0,0
120,0,0,0,0,0,0
121,0,0,0,0,0,0
122,0,0,0,0,0,0
123,0,0,0,0,0,0
124,0,0,0,0,0,1
125,0,0,0,0,0,1
126,0,0,0,0,0,1
127,0,0,0,0,0,1
128,1,0,0,0,0,0
129,1,0,0,0,1,0
130,1,0,0,0,1,0
131,1,0,0,0,1,0
132,1,0,0,0,1,0
133,1,0,0,0,0,1
134,1,0,0,0,0,1
135,0,0,0,0,0,1
136,0,0,0,0,0,1
137,0,0,0,0,0,1
138,0,0,0,0,0,1
139,0,0,0,0,0,1
140,0,0,0,0,0,0
141,0,0,0,0,0,0
142,0,0,0,0,0,0
143,1,0,0,0,0,0
144,1,0,0,0,0,0
145,1,0,0,0,0,0
146,1,0,0,0,0,0
147,0,0,0,0,0,0
148,0,0,0,0,0,0
149,0,0,0,0,0,0
150,0,0,0,0,0,0
151,0,0,0,0,0,0
152,0,0,0,0,0,0
153,1,0,0,0,0,0
154,1,0,0,0,0,0
155,1,0,0,0,0,0
156,1,0,0,0,0,0
157,1,0,0,0,0,0
158,1,0,0,0,0,0
159,1,0,0,0,0,0
160,1,0,0,0,0,0
161,1,0,0,0,0,0
162,1,0,0,0,0,0
163,1,0,0,0,0,0
164,1,0,0,0,0,0
165,1,0,0,0,0,1
166,1,0,0,0,0,1
167,1,0,0,0,0,1
168,1,0,0,0,0,1
169,1,0,0,0,0,1
170,1,0,0,0,0,1
171,1,0,0,0,1,1
172,1,0,0,0,1,1
173,1,0,0,0,1,1
174,1,0,0,0,1,1
175,1,0,0,0,0,1
176,1,0,0,0,0,1
177,1,0,0,0,0,0
178,1,0,0,0,0,0
179,1,0,0,0,0,0
180,1,0,0,0,0,0
181,1,0,0,0,0,0
182,1,0,0,0,0,1
183,1,0,0,0,0,1
184,1,0,0,0,0,1
185,1,0,0,0,0,1
186,1,0,0,0,0,1
187,1,0,0,0,0,1
188,1,0,0,0,0,1
189,1,0,0,0,0,1
190,1,0,0,0,0,1
191,1,0,0,0,0,0
192,1,0,0,0,0,0
193,1,0,0,0,0,0
194,1,0,0,0,0,0
195,1,0,0,0,0,0
196,1,0,0,0,0,0
197,1,0,0,0,0,0
198,1,0,0,0,0,0
199,1,0,0,0,0,0
200,1,0,0,0,0,0
201,1,0,0,0,0,0
202,1,0,0,0,0,0
203,1,0,0,0,0,0
204,1,0,0,0,0,0
205,1,0,0,0,0,0
206,1,0,0,0,0,0
207,1,0,0,0,0,0
208,1,0,0,0,0,0
209,1,0,0,0,0,0
210,1,0,0,0,0,0
211,1,0,0,0,0,0
212,1,0,0,0,0,0
213,1,0,0,0,0,0
214,1,0,0,0,0,0
215,1,0,0,0,1,0
216,1,0,0,0,0,0
217,1,0,0,0,0,0
218,1,0,0,0,0,0
219,1,0,0,0,0,0
220,1,0,0,0,0,0
221,1,0,0,0,0,0
222,1,0,0,0,0,0
223,1,0,0,0,0,0
224,1,0,0,0,0,0
225,1,0,0,0,0,0
226,1,0,0,0,0,0
227,0,0,0,0,0,0
228,1,0,0,0,0,0
229,1,0,0,0,0,0
230,1,0,0,0,0,0
231,1,0,0,0,0,0
232,1,0,0,0,0,1
233,1,0,0,1,0,1
234,1,0,0,0,0,1
235,1,0,0,1,0,1
236,1,0,0,0,0,0
237,1,0,0,0,0,0
238,1,0,0,0,0,0
239,1,0,0,0,0,0
240,1,0,0,0,0,0
241,1,0,0,0,0,0
242,1,0,0,0,0,1
243,0,0,0,0,0,1
244,1,0,0,0,0,1
245,1,0,0,0,0,1
246,1,0,0,0,0,1
247,1,0,0,0,0,1
248,1,0,0,0,0,0
249,1,0,0,0,0,0
250,1,0,0,0,0,0
251,1,0,0,0,0,1
252,1,0,0,1,0,1
253,1,0,0,1,0,1
254,1,0,0,1,0,1
255,1,0,0,0,0,0
256,1,0,0,0,0,0
257,1,0,0,0,0,0
258,1,0,0,0,1,0
259,1,0,0,0,1,0
260,1,0,0,0,0,0
261,1,0,0,0,0,0
262,1,0,0,0,0,0
263,1,0,0,0,0,0
264,1,0,0,0,0,0
265,1,0,0,0,0,0
266,1,0,0,0,0,0
267,1,0,0,0,0,0
268,1,0,0,0,0,0
269,1,0,0,0,0,0
270,1,0,0,0,0,0
271,1,0,0,0,0,0
272,0,0,0,0,0,0
273,1,0,0,1,0,1
274,1,0,0,1,0,1
275,1,0,0,1,0,1
276,1,0,0,1,0,1
277,1,0,0,1,0,1
278,1,0,0,1,0,1
279,1,0,0,1,0,1
280,1,0,0,1,0,1
281,1,0,0,1,0,1
282,1,0,0,1,0,1
283,1,0,0,1,0,1
284,1,0,0,1,0,1
285,1,0,0,1,0,1
286,1,0,0,1,0,1
287,1,0,0,1,0,1
288,1,0,0,1,0,1
289,1,0,1,1,0,1
290,1,0,0,1,0,1
291,1,0,0,1,0,1
292,1,0,0,1,0,1
293,1,0,0,1,0,1
294,1,0,0,1,0,1
295,1,0,0,0,0,1
296,1,0,0,0,0,1
297,1,1,0,0,0,1
298,1,1,0,0,0,1
299,1,0,0,0,0,1
300,1,0,0,0,0,1
301,1,0,0,0,0,1
302,1,0,0,0,0,1
303,1,0,0,0,0,1
304,1,0,0,0,0,1
305,1,0,0,0,0,1
306,1,0,0,0,0,1
307,1,0,0,0,0,1
308,1,0,0,0,0,1
309,1,0,0,0,0,1
310,1,0,0,0,0,1
311,1,0,1,0,0,1
312,1,0,1,0,0,1
313,1,0,0,0,0,1
314,1,0,0,0,0,1
315,1,0,0,0,0,1
316,1,0,0,0,0,1
317,1,0,0,0,0,1
318,1,0,0,0,0,1
319,0,0,0,0,0,1
320,0,0,0,0,0,0
321,1,0,0,0,0,1
322,1,0,0,0,0,1
323,1,0,0,0,0,1
324,1,0,0,0,0,1
325,1,0,0,0,0,1
326,1,0,0,0,0,1
327,1,0,0,0,0,1
328,1,0,0,0,0,1
329,1,1,0,0,0,1
330,1,1,0,0,0,1
331,1,0,0,0,0,1
332,0,0,0,0,0,1
333,0,0,0,0,0,1
334,1,0,0,0,0,1
335,1,0,0,0,0,1
336,0,0,0,0,0,1
337,1,0,0,0,0,1
338,1,0,0,0,0,1
339,1,0,0,0,0,1
340,0,0,0,0,0,1
341,0,0,0,0,0,1
342,0,0,0,0,0,1
343,0,0,0,0,0,1
344,1,0,0,0,0,1
345,1,0,0,0,0,1
346,1,0,0,0,0,1
347,1,0,0,0,0,1
348,1,1,0,0,0,1
349,1,1,0,0,0,1
350,1,0,0,0,0,1
351,0,0,0,0,0,0
352,0,0,0,0,0,1
353,0,0,0,0,0,1
354,0,0,0,0,0,0
355,0,0,0,0,0,0
356,1,1,0,0,0,0
357,1,1,0,0,0,0
358,1,1,0,0,0,0
359,1,1,0,0,0,0
360,1,1,0,0,0,1
361,1,1,0,0,0,1
362,1,0,0,0,0,1
363,1,0,0,0,0,1
364,1,0,0,0,0,1
365,1,0,0,0,0,1
366,1,0,0,0,0,1
367,1,0,0,0,0,1
368,1,0,0,0,0,0
369,1,0,0,0,0,0
370,1,0,0,0,0,0
371,1,0,0,0,0,0
372,1,0,0,0,0,0
373,1,0,0,0,0,0
374,1,0,0,0,0,0
375,1,1,0,0,0,0
376,1,1,0,0,0,0
377,1,1,0,0,0,0
378,1,0,0,0,0,0
379,1,0,0,0,0,1
380,1,0,0,0,0,1
381,1,0,0,0,0,0
382,1,0,0,0,0,0
383,1,0,0,0,0,1
384,1,0,0,0,0,1
385,1,1,0,0,0,1
386,1,1,0,0,0,1
387,1,1,0,0,0,1
388,1,1,0,0,0,1
389,1,1,0,0,0,1
390,1,1,0,0,0,1
391,1,1,0,0,0,1
392,1,0,0,0,0,1
393,1,0,0,0,0,1
394,1,0,0,0,0,1
395,1,0,0,0,0,1
396,1,0,0,0,0,1
397,1,0,0,0,0,1
398,1,0,0,0,0,1
399,1,0,0,0,0,1
400,1,0,0,0,0,1
401,1,0,0,0,0,1
402,1,0,0,0,0,1
403,1,0,0,0,0,1
404,1,0,0,0,0,1
405,1,0,0,0,0,0
406,1,0,0,0,0,0
407,1,0,0,0,0,0
408,1,0,0,0,0,0
409,1,0,0,0,0,1
410,1,0,1,0,0,1
411,1,1,1,0,0,1
412,1,1,1,0,0,1
413,1,0,0,0,0,1
414,1,0,0,0,0,1
415,1,0,0,0,0,0
416,1,0,0,0,0,0
417,1,0,0,0,0,1
418,1,0,0,0,0,1
419,1,0,0,0,0,1
420,1,1,0,0,0,0
421,1,1,0,0,0,0
422,1,1,0,0,0,0
423,1,0,0,0,0,0
424,1,0,0,0,0,0
425,1,1,0,0,0,0
426,1,1,0,1,0,0
427,1,1,0,1,0,1
428,1,0,0,0,0,1
429,1,0,0,0,0,1
430,1,1,0,0,0,1
431,1,1,0,0,0,1
432,1,0,0,0,0,1
433,1,0,0,0,0,1
434,1,0,0,0,0,1
435,1,0,0,0,0,1
436,1,0,0,0,0,1
437,1,0,0,0,0,0
438,1,0,0,0,0,1
439,1,0,0,0,0,1
440,1,0,0,0,0,1
441,1,0,0,0,0,1
442,1,0,0,0,0,1
443,1,0,0,0,0,1
444,1,0,0,0,0,0
445,1,0,1,0,0,1
446,0,0,1,0,0,1
447,1,0,1,0,0,1
448,1,0,1,0,0,1
449,1,0,0,1,0,1
450,1,0,0,1,0,1
451,0,0,0,1,0,1
452,1,0,1,1,0,1
453,0,0,1,0,0,1
454,1,0,1,0,0,1
455,1,0,1,1,0,1
456,1,0,0,1,0,1
457,1,0,0,1,0,1
458,1,0,0,1,0,1
459,1,0,0,1,0,1
460,1,0,0,1,0,1
461,1,0,0,1,0,1
462,1,0,0,1,0,1
463,1,0,0,1,0,1
464,1,0,0,1,0,1
465,1,0,0,1,0,1
466,1,0,0,1,0,1
467,1,0,0,1,0,1
468,1,0,0,1,0,1
469,1,0,0,1,0,1
470,1,0,0,1,0,1
471,1,0,0,1,0,1
472,1,0,0,1,0,1
473,1,0,0,1,0,1
474,1,0,1,1,0,1
475,1,0,1,0,0,1
476,1,0,1,0,0,1
477,1,0,1,1,0,1
478,1,0,0,1,0,1
479,1,0,1,1,0,1
480,1,0,1,0,0,1
481,1,0,1,0,0,1
482,1,0,1,0,0,1
483,1,0,1,0,0,1
484,1,0,1,0,0,1
485,1,0,1,0,0,1
486,1,0,0,0,0,1
487,1,0,0,0,0,1
488,0,0,0,0,0,1
489,0,0,0,0,0,0
490,0,0,0,0,0,0
491,0,0,0,0,0,0
492,0,0,0,0,0,0
493,0,0,0,0,0,1
494,0,0,0,0,0,0
495,0,0,0,0,0,0
496,0,0,0,0,0,0
497,1,0,0,0,0,0
498,1,0,0,0,0,0
499,1,0,0,0,0,0
500,1,1,0,0,0,0
501,1,1,0,0,0,0
502,1,1,0,0,0,0
503,1,1,0,0,0,0
504,1,0,0,0,0,0
505,1,0,0,0,0,0
506,1,0,0,0,0,0
507,1,0,0,0,0,0
508,1,0,0,0,0,0
509,1,0,0,0,0,0
510,0,0,0,0,0,0
511,0,0,0,0,0,0
512,1,1,0,0,0,0
513,1,1,0,0,0,0
514,1,1,0,0,0,0
515,1,0,0,0,0,0
516,1,0,0,0,0,0
517,1,0,0,0,0,0
518,1,0,0,0,0,0
519,1,1,0,0,0,0
520,1,1,0,0,0,0
521,1,1,0,0,0,0
522,1,0,0,0,0,0
523,1,0,0,0,1,0
524,1,1,1,0,1,0
525,1,1,1,0,0,0
526,1,0,0,0,0,0
527,1,0,0,0,0,0
528,1,0,0,0,0,0
529,1,0,0,0,0,0
530,1,0,0,0,0,0
531,1,0,0,0,0,0
532,1,0,0,0,0,0
533,1,0,0,0,0,0
534,1,0,0,0,0,0
535,1,0,0,0,0,0
536,1,0,0,0,0,0
537,1,0,0,0,0,0
538,1,0,0,0,0,0
539,1,0,0,0,0,0
540,1,0,0,0,0,0
541,0,0,0,0,0,0
542,1,0,0,0,0,0
543,1,0,0,0,0,0
544,1,0,0,0,0,0
545,1,0,0,0,0,0
546,1,0,0,0,0,0
547,1,0,0,0,0,0
548,0,0,0,0,0,0
549,1,0,0,0,0,0
550,1,0,0,0,0,0
551,0,0,0,0,0,0
552,1,1,0,0,0,0
553,1,1,0,0,0,0
554,1,1,0,0,0,0
555,1,1,0,0,0,0
556,0,0,0,0,0,0
557,0,0,0,0,0,0
558,0,0,0,0,0,0
559,1,0,0,0,0,1
560,1,0,0,0,0,1
561,1,0,0,0,0,1
562,1,0,0,0,0,1
563,1,0,0,0,0,1
564,1,0,0,0,0,1
565,1,0,0,0,0,1
566,1,0,0,0,0,1
567,1,0,0,0,0,1
568,1,1,0,0,0,1
569,1,1,0,0,0,1
570,1,1,0,0,0,1
571,1,1,0,0,0,1
572,1,0,0,0,0,1
573,1,0,0,0,0,1
574,1,1,1,0,0,1
575,1,1,1,0,0,1
576,0,0,0,0,0,1
577,0,0,0,0,0,1
578,1,0,0,0,0,1
579,1,0,0,0,0,0
580,1,0,0,0,0,0
581,1,0,0,0,0,0
582,1,0,0,0,0,0
583,1,1,0,0,0,0
584,1,1,0,0,0,0
585,1,0,0,0,0,0
586,1,0,0,0,0,0
587,1,0,0,0,0,0
588,1,0,0,0,0,0
589,1,0,0,0,0,0
590,1,0,0,0,0,0
591,1,0,0,0,0,0
592,1,0,0,0,0,0
593,1,0,0,0,0,0
594,1,0,0,0,0,0
595,1,0,0,0,0,0
596,1,0,0,0,0,0
597,1,0,0,0,0,0
598,1,0,0,0,0,0
599,1,0,0,0,0,0
600,1,0,0,0,0,0
601,1,0,0,0,0,0
602,1,0,0,0,0,0
603,1,0,0,0,0,0
604,1,0,0,0,0,0
605,1,0,0,0,0,0
606,1,0,0,0,0,0
607,1,0,0,0,0,0
608,1,0,0,0,0,0
609,1,0,0,0,0,0
610,1,0,0,0,0,0
611,1,0,0,0,0,0
612,1,1,0,0,0,0
613,1,1,0,0,0,0
614,1,1,0,0,0,0
615,1,0,0,0,0,0
616,1,0,0,0,0,0
617,1,0,0,0,0,0
618,1,0,0,0,0,0
619,1,0,0,0,0,0
620,1,0,0,0,0,0
621,1,0,0,0,0,0
622,0,0,0,0,0,0
623,0,0,0,0,0,0
624,0,0,0,0,0,0
625,1,0,1,0,0,1
626,1,0,1,0,0,1
627,1,0,1,0,0,1
628,0,0,0,0,0,0
629,0,0,0,0,0,0
630,0,0,0,0,0,0
631,0,0,0,0,0,0
632,1,0,0,0,0,1
633,1,0,0,0,0,1
634,1,0,0,0,0,0
635,1,0,0,0,0,0
636,1,0,0,0,0,1
637,1,0,0,0,0,1
638,1,0,0,0,0,0
639,1,0,0,0,0,1
640,1,0,0,0,0,1
641,1,0,0,0,0,1
642,1,0,0,0,0,1
643,1,0,0,0,0,1
644,1,0,0,0,0,1
645,1,0,0,0,0,1
646,1,0,0,0,0,1
647,1,0,0,0,0,0
648,1,0,0,0,0,1
649,1,0,1,0,0,1
650,1,0,1,0,0,1
651,1,0,0,0,0,1
652,1,1,0,0,0,1
653,1,1,0,0,0,1
654,1,1,0,0,0,1
655,1,0,0,0,0,0
656,1,0,0,0,0,0
657,1,0,0,0,0,0
658,1,0,0,0,0,0
659,1,0,0,0,0,0
660,1,0,0,0,0,0
661,1,0,0,0,0,0
662,1,0,0,0,0,0
663,1,0,0,0,0,0
664,1,0,0,0,0,0
665,1,0,0,0,0,0
666,1,0,0,0,0,0
667,1,0,0,0,0,0
668,1,0,0,0,0,1
669,1,0,0,0,0,1
670,1,0,0,0,0,1
671,1,0,0,0,0,1
672,1,0,0,0,0,1
673,1,0,0,0,0,1
674,1,0,0,0,0,1
675,1,0,0,0,0,1
676,1,0,0,0,0,1
677,1,0,0,0,0,0
678,1,0,0,0,0,0
679,1,0,0,0,0,1
680,1,0,0,0,0,1
681,1,0,0,0,0,1
682,1,0,0,0,0,1
683,1,0,0,0,0,0
684,0,0,0,0,0,0
685,0,0,0,0,0,0
686,0,0,0,0,0,0
687,0,0,0,0,0,0
688,0,0,0,0,0,0
689,0,0,0,0,0,0
690,0,0,0,0,0,0
691,1,0,0,0,0,0
692,1,0,0,0,0,0
693,0,0,0,0,0,0
694,0,0,0,0,0,0
695,0,0,0,0,0,0
696,0,0,0,0,0,0
697,0,0,0,0,0,0
698,1,0,0,0,0,0
699,1,0,0,0,0,0
700,1,0,0,0,0,0
701,1,1,0,0,0,0
702,1,0,0,0,0,0
703,1,0,0,0,0,0
704,0,0,0,0,0,0
705,1,0,0,0,0,0
706,1,1,0,0,0,0
707,1,1,0,0,0,0
708,1,0,0,0,0,0
709,1,0,0,0,0,0
710,1,0,0,0,0,0
711,1,1,1,0,0,0
712,1,1,1,0,0,0
713,1,0,0,0,0,0
714,1,0,0,0,0,0
715,1,0,0,0,0,0
716,1,0,0,0,0,0
717,1,1,0,0,0,1
718,1,1,1,0,0,1
719,1,1,1,0,0,0
720,1,0,0,0,0,0
721,1,0,0,0,0,0
722,1,0,0,0,0,0
723,1,1,0,0,0,0
724,1,1,0,0,0,0
725,1,0,0,0,0,0
726,1,0,0,0,0,0
727,1,0,0,0,0,0
728,1,0,0,0,0,0
729,1,0,0,0,0,0
730,1,0,0,0,0,0
731,1,0,0,0,0,0
732,1,0,0,0,0,0
733,1,1,1,0,0,0
734,1,1,1,0,0,0
735,1,1,1,0,0,0
736,1,1,0,0,0,0
737,1,1,1,0,0,0
738,1,1,1,0,0,0
739,1,1,0,0,0,0
740,1,1,0,0,0,0
741,1,1,0,0,0,0
742,1,1,0,0,0,0
743,1,1,0,0,0,0
744,0,0,0,0,0,0
745,0,0,0,0,0,0
746,1,0,0,0,0,0
747,1,0,0,0,0,1
748,1,0,0,0,0,1
749,1,1,0,0,0,1
750,1,1,0,0,0,1
751,1,0,0,0,0,1
752,1,0,0,0,0,1
753,1,0,0,0,0,1
754,1,0,0,0,0,1
755,1,0,0,0,0,1
756,1,0,0,0,0,1
757,1,0,0,0,0,1
758,1,0,0,0,0,1
759,1,0,0,0,0,1
760,1,0,0,0,0,1
761,1,0,0,0,0,1
762,1,0,0,0,0,1
763,1,0,0,0,0,1
764,1,0,0,0,0,1
765,1,0,0,0,0,1
766,1,0,0,0,0,1
767,1,0,0,0,0,1
768,1,0,0,0,0,1
769,1,0,0,0,0,1
770,1,0,0,0,0,1
771,1,0,0,0,0,0
772,1,1,0,0,0,0
773,1,1,0,0,0,0
774,1,1,0,0,0,1
775,1,0,0,0,0,1
776,1,0,0,0,0,1
777,1,0,0,0,0,0
778,1,0,0,0,0,1
779,1,0,0,0,0,1
780,1,0,0,0,0,1
781,1,0,0,0,0,1
782,1,0,0,0,0,1
783,1,0,0,0,0,1
784,1,0,0,0,0,1
785,1,0,0,0,0,1
786,1,0,0,0,0,1
787,1,0,0,0,0,1
788,1,0,0,0,0,0
789,0,0,0,0,0,0
790,1,0,0,0,0,0
791,1,0,0,0,0,1
792,1,0,0,0,0,1
793,1,0,0,0,0,1
794,1,0,0,0,0,1
795,1,0,0,0,0,0
796,1,0,1,0,0,1
797,1,0,1,0,0,1
798,1,0,0,0,0,0
799,1,0,0,0,0,1
800,1,0,0,0,0,1
801,1,0,0,0,0,1
802,1,0,0,0,0,1
803,1,0,0,0,0,1
804,1,0,0,0,0,1
805,1,0,0,0,0,1
806,1,0,0,0,0,1
807,1,0,0,0,0,1
808,1,0,0,0,0,1
809,1,0,0,0,0,1
810,0,0,0,0,0,1
811,0,0,0,0,0,0
812,0,0,0,0,0,1
813,0,0,0,0,0,1
814,0,0,0,0,0,1
815,0,0,0,0,0,1
816,0,0,0,0,0,0
817,0,0,1,0,0,0
818,0,0,1,0,0,0
819,1,0,1,0,0,1
820,1,0,0,0,0,1
821,1,1,1,0,0,1
822,1,1,1,0,0,1
823,1,1,1,0,0,1
824,1,1,1,0,0,1
825,1,1,1,0,0,1
826,1,1,1,0,0,1
827,1,1,1,0,0,1
828,1,1,1,0,0,1
829,1,1,1,0,0,1
830,1,1,1,0,0,1
831,1,0,0,0,0,0
832,0,0,0,0,0,0
833,0,0,0,0,0,0
834,0,0,0,0,0,0
835,0,0,0,0,0,0
836,0,0,0,0,0,0
837,0,0,0,0,0,0
838,0,0,0,0,0,0
839,0,0,0,0,0,0
840,0,0,0,0,0,0
841,0,0,0,0,0,0
842,0,0,0,0,0,0
843,0,0,0,0,0,0
844,0,0,0,0,0,0
845,0,0,0,0,0,0
846,0,0,0,0,0,0
847,1,0,0,0,0,0
848,1,0,0,0,0,0
849,1,0,0,0,0,1
850,1,0,0,0,0,1
851,1,0,0,0,0,1
852,1,0,0,0,0,1
853,1,1,0,0,0,1
854,1,1,1,0,0,1
855,1,1,1,0,0,1
856,1,1,1,0,0,1
857,1,1,1,0,0,1
858,1,1,0,1,0,1
859,1,1,0,1,0,1
860,1,1,0,1,0,1
861,1,1,0,1,0,1
862,1,1,0,1,0,1
863,1,1,0,1,0,1
864,1,1,0,1,0,1
865,1,0,0,0,0,1
866,1,0,0,0,0,1
867,1,0,0,0,0,1
868,1,0,1,0,0,1
869,1,0,1,0,0,1
870,1,0,0,0,0,1
871,1,0,0,0,0,1
872,1,0,0,0,0,1
873,1,0,0,0,0,1
874,1,0,0,0,0,1
875,1,0,0,0,0,1
876,1,0,0,0,0,0
877,1,0,1,0,0,0
878,1,0,1,0,0,0
879,1,0,0,0,0,0
880,1,0,0,0,0,0
881,1,0,0,0,0,0
882,1,0,0,0,0,0
883,1,1,0,0,0,0
884,1,1,0,0,0,0
885,1,1,0,0,0,0
886,1,0,0,0,0,0
887,1,1,0,0,0,0
888,1,1,0,0,0,0
889,1,1,0,0,0,0
890,1,1,0,0,0,0
891,1,1,0,0,0,0
892,1,0,0,0,0,0
893,1,0,0,0,0,0
894,1,0,0,0,0,0
895,1,0,0,0,0,1
896,1,0,0,0,0,1
897,1,0,0,0,0,1
898,1,0,0,0,0,1
899,1,0,0,0,0,1
900,1,0,0,0,0,1
901,1,0,0,0,0,1
902,1,0,0,0,0,1
903,1,0,0,0,0,1
904,1,0,0,0,0,1
905,1,0,0,0,0,1
906,1,0,0,0,1,1
907,1,0,0,0,1,1
908,1,0,0,0,1,1
909,1,0,0,0,1,1
910,1,0,0,0,0,1
911,1,0,1,0,0,1
912,1,0,1,0,0,1
913,1,0,1,0,0,1
914,1,0,1,0,0,1
915,1,0,0,0,0,1
916,1,0,1,0,0,1
917,1,0,1,0,0,1
918,1,0,1,0,0,1
919,1,0,1,0,0,1
920,1,0,0,0,0,1
921,1,0,0,0,0,1
922,1,0,0,0,0,1
923,1,0,0,0,0,1
924,1,0,1,0,0,1
925,1,1,1,0,0,1
926,1,1,1,0,0,1
927,1,0,1,0,0,1
928,0,0,0,0,0,0
929,0,0,0,0,0,0
930,0,0,0,0,0,0
931,0,0,0,0,0,0
932,0,0,0,0,0,0
933,0,0,0,0,0,0
934,0,0,0,0,0,0
935,0,0,0,0,0,0
936,0,0,0,0,0,0
937,0,0,0,0,0,0
938,0,0,0,0,0,0
939,0,0,0,0,0,0
940,1,0,0,0,0,0
941,1,0,0,0,0,1
942,1,0,0,0,0,1
943,1,0,0,0,0,1
944,1,0,0,0,0,1
945,1,0,0,0,0,1
946,1,0,0,0,0,1
947,0,0,0,0,0,1
948,0,0,0,0,0,0
949,0,0,0,0,0,0
950,0,0,0,0,0,0
951,0,0,0,0,0,0
952,0,0,0,0,0,0
953,0,0,0,0,0,0
954,0,0,0,0,0,0
955,0,0,0,0,0,0
956,1,1,0,1,0,0
957,1,1,0,1,0,0
958,1,1,0,1,0,0
959,0,0,0,0,0,0
960,0,0,0,0,0,0
961,0,0,0,0,0,0
962,0,1,0,0,0,0
963,0,1,0,0,0,0
964,1,0,0,0,0,0
965,1,0,0,0,0,0
966,0,0,0,0,0,0
967,0,0,0,0,0,0
968,0,0,0,0,0,0
969,1,0,0,0,0,0
970,1,0,0,0,0,0
971,1,0,1,0,0,0
972,1,0,1,0,0,0
973,1,0,1,0,0,0
974,1,0,1,0,0,0
975,1,0,0,0,0,0
976,1,0,0,0,0,0
977,1,0,0,0,0,0
978,1,0,0,0,0,0
979,1,0,0,0,0,0
980,1,0,0,0,0,0
981,1,0,0,0,0,0
982,1,0,0,0,0,0
983,0,0,0,0,0,0
984,0,0,0,0,0,0
985,0,0,0,0,0,0
986,0,0,0,0,0,0
987,1,0,0,0,0,0
988,0,0,0,0,0,0
989,0,0,0,0,0,0
990,0,0,0,0,0,0
991,0,0,0,0,0,0
992,0,0,0,0,0,0
993,0,0,0,0,0,0
994,0,0,0,0,0,0
995,0,0,0,0,0,0
996,0,0,0,0,0,0
997,0,0,0,0,0,0
998,0,0,0,0,0,0
999,0,0,0,0,0,0
1000,0,0,0,0,0,0
1001,1,0,0,0,0,0
1002,1,0,0,0,0,0
1003,0,0,0,0,0,0
1004,0,0,0,0,0,0
1005,0,0,0,0,0,0
1006,0,0,0,0,0,0
1007,0,0,0,0,0,0
1008,0,0,0,0,0,0
1009,0,0,0,0,0,0
1010,0,0,0,0,0,0
1011,0,0,0,0,0,0
1012,0,0,0,0,0,0
1013,1,0,0,0,0,1
1014,1,0,0,0,0,1
1015,1,0,0,0,0,1
1016,1,1,1,0,0,1
1017,1,1,0,0,0,1
1018,1,1,0,0,0,1
1019,1,1,0,0,0,1
1020,1,1,0,0,0,1
1021,1,1,0,0,0,1
1022,1,0,0,0,0,1
1023,1,0,0,0,0,1
1024,1,0,0,0,0,1
1025,1,0,0,0,0,1
1026,1,0,0,0,0,1
1027,1,0,0,0,0,1
1028,1,1,0,0,0,1
1029,0,1,0,0,0,0
1030,0,0,0,0,0,0
1031,0,0,0,0,0,0
1032,0,0,0,0,0,0
1033,0,0,0,0,0,0
1034,0,0,0,0,0,0
1035,1,0,0,0,0,0
1036,1,0,0,0,0,0
1037,1,0,0,0,0,0
1038,1,0,0,0,0,0
1039,1,0,0,0,0,0
1040,1,0,0,0,0,0
1041,1,0,0,0,0,0
1042,1,0,0,1,0,0
1043,1,0,0,1,0,0
1044,1,0,0,1,0,0
1045,1,0,0,1,0,0
1046,1,0,0,1,0,0
1047,1,0,0,1,0,0
1048,1,0,0,1,0,0
1049,1,0,0,1,0,0
1050,1,0,0,1,0,0
1051,1,0,0,1,0,0
1052,1,0,0,1,0,0
1053,1,0,0,1,0,0
1054,1,0,0,1,0,0
1055,1,0,0,1,0,0
1056,1,0,0,1,0,0
1057,1,0,0,1,0,0
1058,1,0,0,1,0,0
1059,1,0,0,1,0,0
1060,1,0,0,1,0,0
1061,1,0,0,1,0,0
1062,1,0,0,1,0,0
1063,1,0,0,1,0,0
1064,1,0,0,1,0,0
1065,1,0,0,1,0,0
1066,1,0,0,1,0,0
1067,0,0,0,0,0,0
1068,1,0,0,0,0,0
1069,0,0,0,0,0,0
1070,0,0,0,0,0,0
1071,0,0,0,0,0,0
1072,1,0,0,1,0,0
1073,1,0,1,1,0,0
1074,1,0,1,1,0,0
1075,1,0,1,1,0,0
1076,1,0,1,1,0,0
1077,1,0,1,1,0,0
1078,1,0,1,1,0,0
1079,0,0,1,0,0,0
1080,0,0,1,0,0,0
1081,0,0,1,0,0,0
1082,0,0,1,0,0,0
1083,0,0,0,0,0,0
1084,0,0,0,0,0,0
1085,0,0,0,0,0,0
1086,0,0,0,0,0,0
1087,0,0,0,0,0,0
1088,0,0,0,0,0,0
1089,0,0,0,0,0,0
1090,0,0,0,0,0,0
1091,1,0,0,0,0,0
1092,1,0,0,0,0,0
1093,1,0,0,1,0,0
1094,1,0,0,1,0,0
1095,1,0,0,1,0,0
1096,1,0,0,1,0,0
1097,1,0,0,1,0,0
1098,1,0,0,1,0,0
1099,1,0,0,1,0,0
1100,1,0,0,1,0,0
1101,1,0,0,1,0,0
1102,1,0,0,1,0,0
1103,0,0,0,0,0,0
1104,1,0,0,0,0,0
1105,1,0,1,0,0,0
1106,1,0,1,0,0,0
1107,1,0,1,0,0,0
1108,1,0,0,0,0,0
1109,1,0,0,0,0,0
1110,1,0,1,0,0,0
1111,0,0,1,0,0,0
1112,0,0,1,0,0,0
1113,0,0,0,0,0,0
1114,1,0,1,0,0,0
1115,1,0,1,0,0,0
1116,1,0,1,0,0,0
1117,1,0,1,0,0,0
1118,0,0,1,0,0,0
1119,0,0,1,0,0,0
1120,0,0,1,0,0,0
1121,0,0,1,0,0,0
1122,0,0,1,0,0,0
1123,0,0,1,0,0,0
1124,1,0,1,0,0,0
1125,1,0,1,0,0,0
1126,0,0,1,0,0,0
1127,0,0,1,0,0,0
1128,0,0,1,0,0,0
1129,0,0,1,0,0,0
1130,0,0,1,0,0,0
1131,0,0,1,0,0,0
1132,0,0,1,0,0,0
1133,0,0,1,0,0,0
1134,0,0,1,0,0,0
1135,0,0,1,0,0,0
1136,0,0,0,0,0,0
1137,0,0,1,0,0,0
1138,0,0,1,0,0,0
1139,0,0,1,0,0,0
1140,0,0,0,0,0,0
1141,0,0,0,0,0,0
1142,0,0,0,0,0,0
1143,0,0,0,0,0,0
1144,0,0,0,0,0,0
1145,0,0,0,0,0,0
1146,0,0,0,0,0,0
1147,0,0,0,0,0,0
1148,0,0,0,0,0,0
1149,0,0,0,0,0,0
1150,0,0,0,0,0,0
1151,0,0,0,0,0,0
1152,0,0,0,0,0,0
1153,0,0,0,0,0,0
1154,0,0,0,0,0,0
1155,0,0,0,0,0,0
1156,0,0,0,0,0,0
1157,0,0,0,0,0,0
1158,0,0,0,0,0,0
1159,0,0,0,0,0,0
1160,0,0,0,0,0,0
1161,0,0,0,0,0,0
1162,0,0,0,0,0,0
1163,0,0,0,0,0,0
1164,0,0,0,0,0,0
1165,0,0,0,0,0,0
1166,0,0,0,0,0,0
1167,0,0,0,0,0,0
1168,0,0,0,0,0,0
1169,0,0,0,0,0,0
1170,0,0,0,0,0,0
1171,0,0,0,0,0,0
1172,0,0,0,0,0,0
1173,1,0,0,0,0,0
1174,1,0,0,0,0,0
1175,1,0,0,0,0,0
1176,1,0,0,0,0,0
1177,1,0,0,0,0,0
1178,1,0,0,0,0,0
1179,1,0,0,0,0,0
1180,1,0,0,0,0,0
1181,1,0,0,0,0,0
1182,1,0,0,0,0,0
1183,1,0,0,0,0,0
1184,1,0,0,0,0,0
1185,1,0,0,0,0,0
1186,0,0,0,0,0,0
1187,0,0,0,0,0,0
1188,0,0,0,0,0,0
1189,0,0,0,0,0,0
1190,0,0,0,0,0,0
1191,0,0,0,0,0,0
1192,0,0,0,0,0,0
1193,0,0,0,0,0,0
1194,0,0,0,0,0,0
1195,0,0,0,0,0,0
1196,0,0,0,0,0,0
1197,0,0,0,0,0,0
1198,1,0,0,0,0,0
1199,1,0,0,0,0,0
1200,0,0,0,0,0,0
1201,0,0,0,0,0,0
1202,0,0,0,0,0,0
1203,0,0,0,0,0,0
1204,0,0,0,0,0,0
1205,0,0,0,0,0,0
1206,0,0,0,0,0,0
1207,1,0,1,0,0,0
1208,1,0,1,0,0,0
1209,1,0,1,0,0,0
1210,1,0,1,0,0,0
1211,1,0,1,0,0,0
1212,1,0,1,0,0,0
1213,1,0,1,0,0,0
1214,1,0,1,0,0,0
1215,1,0,1,0,0,0
1216,1,0,1,0,0,0
1217,1,0,1,0,0,0
1218,1,1,1,0,0,0
1219,1,1,1,0,0,0
1220,1,0,1,0,0,0
1221,1,0,1,0,0,0
1222,1,0,0,0,0,1
1223,1,0,0,0,0,1
1224,1,0,0,1,0,1
1225,1,0,0,1,0,1
1226,1,0,0,1,0,1
1227,1,0,0,0,0,1
1228,1,0,0,0,0,1
1229,1,0,0,0,0,1
1230,1,0,0,0,0,1
1231,1,0,0,0,0,1
1232,1,0,0,0,0,1
1233,1,1,0,0,0,1
1234,1,1,0,0,0,1
1235,1,1,0,0,0,1
1236,1,1,0,0,0,1
1237,1,1,0,0,0,1
1238,1,0,0,0,0,1
1239,0,0,0,0,0,0
1240,0,0,0,0,0,0
1241,0,0,0,0,0,0
1242,0,0,0,0,0,0
1243,0,0,0,0,0,0
1244,0,0,0,0,0,0
1245,1,0,0,0,0,0
1246,1,0,0,0,0,0
1247,1,0,0,0,0,0
1248,0,0,0,0,0,0
1249,1,0,0,0,0,0
1250,1,0,0,0,0,1
1251,1,0,0,0,0,1
1252,1,0,0,0,0,0
1253,1,0,0,0,0,0
1254,1,0,0,0,0,0
1255,1,0,0,0,0,0
1256,1,0,0,0,0,0
1257,1,0,0,0,0,0
1258,1,0,0,0,0,0
1259,1,0,0,0,0,0
1260,1,0,0,0,0,0
1261,1,0,0,0,0,0
1262,1,0,0,0,0,0
1263,1,0,0,0,0,0
1264,1,0,0,0,0,0
1265,0,0,0,0,0,0
1266,0,0,0,0,0,0
1267,0,0,0,0,0,0
1268,0,0,0,0,0,0
1269,0,0,0,0,0,0
1270,0,0,0,0,0,0
1271,0,0,1,0,0,0
1272,0,0,1,0,0,0
1273,0,0,1,0,0,0
1274,0,0,1,0,0,0
1275,0,0,1,0,0,0
1276,0,0,1,0,0,0
1277,0,0,1,0,0,0
1278,1,0,0,0,0,0
1279,0,0,1,0,0,0
1280,0,0,1,0,0,0
1281,0,0,1,0,0,0
1282,0,0,1,0,0,0
1283,0,0,0,0,0,0
1284,0,0,0,0,0,0
1285,0,0,1,0,0,0
1286,0,0,1,0,0,0
1287,0,0,1,0,0,0
1288,1,0,1,0,0,0
1289,0,0,1,0,0,0
1290,0,0,1,0,0,0
1291,0,0,0,0,0,0
1292,0,0,0,0,0,0
1293,0,0,1,0,0,0
1294,0,0,1,0,0,0
1295,0,0,1,0,0,0
1296,0,0,1,0,0,0
1297,0,0,1,0,0,0
1298,1,1,0,0,0,0
1299,1,1,0,0,0,0
1300,1,1,1,0,0,0
1301,0,1,1,0,0,0
1302,0,1,1,0,0,0
1303,1,0,1,0,0,0
1304,0,0,1,0,0,0
1305,0,0,1,0,0,0
1306,0,0,1,0,0,0
1307,0,0,1,0,0,0
1308,1,0,1,0,0,0
1309,1,0,0,0,0,0
1310,1,0,0,0,0,0
1311,1,0,0,0,0,0
1312,1,0,0,0,0,0
1313,1,0,0,0,0,0
1314,1,0,0,0,0,0
1315,0,0,0,0,0,0
1316,0,0,0,0,0,0
1317,1,0,0,0,0,0
1318,1,0,0,0,0,0
1319,1,0,0,0,0,0
1320,0,0,0,0,0,0
1321,0,0,0,0,0,0
1322,0,0,0,0,0,0
1323,0,0,0,0,0,0
1324,0,0,0,0,0,0
1325,0,0,0,0,0,0
1326,0,0,1,0,0,0
1327,0,0,0,0,0,0
1328,0,0,0,0,0,0
1329,0,0,0,0,0,0
1330,0,0,0,0,0,0
1331,0,0,0,0,0,0
1332,0,0,0,0,0,0
1333,0,0,0,0,0,0
1334,0,0,0,0,0,0
1335,0,0,0,0,0,0
1336,0,0,0,0,0,0
1337,0,0,0,0,0,0
1338,0,0,0,0,0,0
1339,0,0,0,0,0,0
1340,0,0,0,0,0,0
1341,0,0,0,0,0,0
1342,0,0,0,0,0,0
1343,0,0,0,0,0,0
1344,0,0,0,0,0,0
1345,0,0,0,0,0,0
1346,0,0,0,0,0,0
1347,0,0,0,0,0,0
1348,1,0,0,0,0,0
1349,1,0,0,0,0,0
1350,1,0,0,0,0,0
1351,1,0,0,0,0,0
1352,1,0,0,0,0,0
1353,1,0,0,0,0,0
1354,1,0,0,0,0,0
1355,1,0,0,0,0,0
1356,1,0,0,0,0,0
1357,1,0,0,0,0,0
1358,1,0,0,0,0,0
1359,1,0,0,0,0,0
1360,1,0,0,0,0,0
1361,1,0,0,0,0,0
1362,1,0,0,0,0,0
1363,1,0,0,0,0,0
1364,1,0,0,0,0,0
1365,1,0,0,0,0,0
1366,0,0,0,0,0,0
1367,0,0,0,0,0,0
1368,0,0,0,0,0,0
1369,0,0,0,0,0,0
1370,0,0,0,0,0,0
1371,1,0,0,0,0,1
1372,1,0,1,0,0,1
1373,1,0,1,0,0,1
1374,0,0,0,0,0,0
1375,0,0,0,0,0,0
1376,1,0,0,0,0,1
1377,1,0,0,0,0,1
1378,1,0,0,0,0,1
1379,0,0,0,0,0,0
1380,0,0,0,0,0,0
1381,1,0,0,0,0,1
1382,1,0,0,0,0,1
1383,1,0,0,0,0,1
1384,1,0,0,0,0,1
1385,1,0,0,0,0,1
1386,1,0,0,0,0,1
1387,1,0,0,0,0,1
1388,1,0,0,0,0,1
1389,1,1,0,1,0,1
1390,1,1,0,1,0,1
1391,1,1,0,1,0,1
1392,0,0,0,0,0,0
1393,0,0,0,0,0,0
1394,0,0,0,0,0,0
1395,1,0,0,0,0,0
1396,1,0,0,0,0,0
1397,1,0,1,0,0,0
1398,0,0,1,0,0,0
1399,0,0,1,0,0,0
1400,0,0,1,0,0,0
1401,0,0,1,0,0,0
1402,0,0,0,0,0,0
1403,0,0,1,0,0,0
1404,0,0,1,0,0,0
1405,0,0,1,0,0,0
1406,0,0,1,0,0,0
1407,0,0,0,0,0,0
1408,0,0,0,0,0,0
1409,1,0,0,0,0,0
1410,1,0,1,0,0,0
1411,1,1,1,0,0,0
1412,1,1,1,0,0,0
1413,1,1,1,0,0,0
1414,1,1,1,0,0,0
1415,1,0,0,0,0,0
1416,1,1,1,0,0,0
1417,1,1,1,0,0,0
1418,1,1,1,0,0,0
1419,1,1,1,0,0,0
1420,1,1,1,0,0,0
1421,1,1,1,0,0,0
1422,1,1,1,0,0,0
1423,1,0,0,0,0,0
1424,0,0,0,0,0,0
1425,0,0,0,0,0,0
1426,1,1,0,0,0,0
1427,1,1,0,0,0,0
1428,1,1,1,0,0,0
1429,1,1,1,0,0,0
1430,1,1,1,0,0,0
1431,1,1,1,0,0,0
1432,1,1,1,0,0,0
1433,1,1,1,0,0,0
1434,0,0,0,0,0,0
1435,0,0,0,0,0,0
1436,0,0,0,0,0,0
1437,0,0,0,0,0,0
1438,0,0,0,0,0,0
1439,0,0,0,0,0,0
1440,0,0,0,0,0,0
1441,0,0,0,0,0,0
1442,0,0,0,0,0,0
1443,1,0,0,0,0,0
1444,0,0,0,0,0,0
1445,0,0,0,0,0,0
1446,0,0,0,0,0,0
1447,0,0,0,0,0,0
1448,0,0,0,0,0,0
1449,0,0,0,0,0,0
1450,0,0,0,0,0,0
1451,1,0,0,0,0,0
1452,1,0,0,0,0,0
1453,1,0,0,0,0,0
1454,0,1,0,0,0,0
1455,0,1,0,0,0,0
1456,0,1,0,0,0,0
1457,0,1,0,0,0,0
1458,0,1,0,0,0,0
1459,0,0,0,0,0,0
1460,0,0,0,0,0,0
1461,0,0,0,0,0,0
1462,0,0,0,0,0,0
1463,0,0,0,0,0,0
1464,0,0,0,0,0,0
1465,0,0,0,0,0,0
1466,0,0,0,0,0,0
1467,0,0,0,0,0,0
1468,0,0,0,0,0,0
1469,1,0,0,0,0,0
1470,0,0,0,0,0,0
1471,0,0,0,0,0,0
1472,0,0,0,0,0,0
1473,0,0,0,0,0,0
1474,0,0,0,0,0,0
1475,0,1,1,0,0,0
1476,1,1,1,0,0,0
1477,1,1,0,0,0,0
1478,0,0,0,0,0,0
1479,0,0,0,0,0,0
1480,0,0,0,0,0,0
1481,0,0,0,0,0,0
1482,0,0,0,0,0,0
1483,0,0,0,0,0,0
1484,0,0,0,0,0,0
1485,0,0,0,0,0,0
1486,1,0,0,0,0,0
1487,0,0,0,0,0,0
1488,0,0,0,0,0,0
1489,0,0,0,0,0,0
1490,1,0,0,0,0,0
1491,0,0,0,0,0,0
1492,0,0,0,0,0,0
1493,0,0,0,0,0,0
1494,0,0,0,0,0,0
1495,0,0,0,0,0,0
1496,0,0,0,0,0,0
1497,0,0,0,0,0,0
1498,0,0,0,0,0,0
1499,0,0,0,0,0,0
1500,0,0,0,0,0,0
1501,0,0,0,0,0,0
1502,1,0,0,0,0,0
1503,1,0,0,0,0,0
1504,1,0,0,0,0,0
1505,1,0,0,0,0,0
1506,0,0,0,0,0,0
1507,0,0,0,0,0,0
1508,1,0,0,0,0,0
1509,1,0,0,0,0,0
1510,1,0,0,0,0,0
1511,1,0,0,0,0,0
1512,1,0,0,0,0,0
1513,1,0,0,0,0,0
1514,1,0,0,0,0,0
1515,1,0,0,0,0,0
1516,1,0,0,0,0,0
1517,1,0,0,0,0,0
1518,0,0,0,0,0,0
1519,0,0,0,0,0,0
1520,1,0,0,0,0,0
1521,1,1,0,1,0,0
1522,0,0,0,0,0,0
1523,0,0,1,0,0,0
1524,0,0,1,0,0,0
1525,0,0,0,0,0,0
1526,0,0,0,0,0,0
1527,0,0,0,0,0,0
1528,0,0,0,0,0,0
1529,0,0,0,0,0,0
1530,0,0,0,0,0,0
1531,0,0,0,0,0,0
1532,0,0,0,0,0,0
1533,0,0,0,0,0,0
1534,0,0,0,0,0,0
1535,0,0,0,0,0,0
1536,0,0,0,0,0,0
1537,0,0,0,0,0,0
1538,0,0,0,0,0,0
1539,0,0,0,0,0,0
1540,0,0,0,0,0,0
1541,0,0,0,0,0,0
1542,0,0,0,0,0,0
1543,1,0,0,0,0,0
1544,1,0,0,0,0,0
1545,0,0,0,0,0,0
1546,0,0,0,0,0,0
1547,0,0,0,0,0,0
1548,0,0,0,0,0,0
1549,0,0,0,0,0,0
1550,0,0,0,0,0,0
1551,0,0,1,0,0,0
1552,0,0,1,0,0,0
1553,0,0,0,0,0,0
1554,0,0,0,0,0,0
1555,0,0,0,0,0,0
1556,0,0,0,0,0,0
1557,0,0,1,0,0,1
1558,0,0,1,0,0,1
1559,0,0,1,0,0,1
1560,0,0,1,0,0,1
1561,0,0,1,0,0,1
1562,1,0,0,0,0,1
1563,1,0,0,0,0,1
1564,1,0,0,0,0,1
1565,1,0,0,0,0,0
1566,1,0,0,0,0,0
1567,0,0,0,0,0,0
1568,0,0,0,0,0,0
1569,0,0,0,0,0,0
1570,0,1,1,0,0,0
1571,0,1,1,0,0,0
1572,0,1,1,0,0,0
1573,0,1,1,0,0,0
1574,1,1,1,0,0,0
1575,1,0,0,0,0,0
1576,1,0,0,0,0,0
1577,0,1,0,0,0,0
1578,0,1,0,0,0,0
1579,0,1,0,0,0,0
1580,0,1,0,0,0,0
1581,0,1,0,0,0,1
1582,0,1,1,0,0,1
1583,0,1,1,0,0,1
1584,0,1,0,0,0,1
1585,0,1,0,0,0,1
1586,0,1,0,0,0,1
1587,0,1,0,0,0,1
1588,1,1,0,0,0,1
1589,1,1,0,0,0,1
1590,1,0,0,0,0,1
1591,1,0,0,0,0,1
1592,1,0,0,0,0,1
1593,0,0,0,0,0,1
1594,1,0,0,0,0,1
1595,1,0,1,0,0,1
1596,1,0,0,0,0,1
1597,0,0,0,0,0,0
1598,0,0,0,0,0,0
1599,0,0,0,0,0,0
1600,1,0,0,0,0,1
1601,1,0,0,0,0,1
1602,1,0,0,0,0,1
1603,0,0,0,0,0,0
1604,0,0,0,0,0,1
1605,0,0,0,0,0,0
1606,0,0,0,0,0,0
1607,0,0,0,0,0,0
1608,0,0,0,0,0,0
1609,0,0,0,0,0,0
1610,0,0,0,0,0,0
1611,0,0,0,0,0,0
1612,0,0,0,0,0,0
1613,0,0,0,0,0,0
