target_0,target_1,target_2,target_3,agent_H_NH,tool_mediated,transitivity,touch_2
0,0,0,0,0,0,0,0,0
1,0,0,0,0,0,0,0,0
2,0,0,0,0,0,0,0,0
3,0,0,0,0,0,0,0,0
4,0,0,0,0,0,0,0,0
5,0,1,0,0,1,0,0,0
6,0,1,0,0,1,0,0,0
7,1,1,0,0,1,0,1,1
8,1,0,0,0,1,0,1,1
9,1,0,0,0,1,0,1,1
10,1,0,0,0,1,1,1,1
11,0,0,0,0,1,0,1,1
12,0,0,0,0,1,0,1,1
13,0,0,0,0,0,0,0,0
14,0,0,0,0,0,0,0,0
15,0,0,0,0,0,0,0,0
16,0,1,0,0,0,0,0,0
17,0,1,0,0,0,0,0,0
18,1,1,0,0,0,0,1,1
19,1,0,0,0,0,0,1,1
20,1,0,0,0,0,0,1,1
21,1,0,0,0,0,0,1,1
22,1,0,0,0,0,0,1,1
23,1,0,0,0,0,0,1,1
24,1,1,0,0,0,0,1,1
25,1,0,0,0,0,0,1,1
26,1,0,0,0,0,0,1,1
27,1,0,0,0,0,0,1,1
28,1,0,0,0,0,0,1,1
29,0,0,1,0,0,0,0,0
30,0,0,1,0,0,0,0,0
31,0,0,1,0,0,0,0,0
32,0,1,1,0,1,0,0,0
33,0,1,1,0,1,0,0,0
34,0,1,1,0,1,0,0,0
35,1,1,0,0,1,0,1,1
36,1,0,0,0,0,0,1,1
37,0,0,0,0,0,0,0,0
38,0,1,0,0,0,0,0,0
39,0,1,0,0,0,0,0,0
40,1,1,0,0,0,0,1,1
41,1,0,0,0,0,0,1,1
42,1,0,0,0,0,0,1,1
43,1,1,0,0,0,0,1,1
44,0,1,0,0,0,0,0,0
45,1,1,0,0,0,0,1,1
46,1,0,0,0,0,0,1,1
47,1,1,0,0,0,0,1,1
48,1,1,0,0,0,0,1,1
49,1,0,0,0,0,0,1,1
50,1,0,0,0,0,0,1,1
51,0,0,0,0,0,0,0,0
52,1,0,0,0,1,0,1,0
53,1,1,0,0,1,0,1,0
54,1,1,0,0,1,0,1,0
55,1,1,0,0,1,0,1,0
56,1,1,0,0,1,0,1,1
57,1,0,0,0,1,0,1,1
58,1,0,0,0,1,0,1,0
59,1,0,1,0,1,0,1,0
60,1,0,1,1,1,0,0,0
61,1,0,1,0,1,0,0,0
62,0,0,1,0,1,0,0,0
63,0,0,1,0,1,0,0,0
64,0,0,1,0,1,0,0,0
65,0,0,1,0,1,0,0,0
66,1,0,1,0,1,0,0,0
67,1,0,1,0,1,0,0,0
68,0,1,1,1,1,0,0,0
69,0,0,0,1,1,0,0,0
70,0,0,1,1,1,0,0,0
71,0,0,1,0,1,0,0,0
72,0,0,1,0,1,0,0,0
73,0,0,1,0,1,0,0,0
74,0,0,0,0,0,0,0,0
75,0,0,0,0,0,0,0,0
76,1,0,0,0,1,0,1,1
77,1,0,0,0,1,0,1,1
78,1,1,0,0,1,0,1,1
79,1,1,0,0,1,0,1,1
80,1,1,0,0,1,0,1,1
81,1,0,0,0,1,0,1,1
82,1,1,0,1,1,0,1,1
83,0,1,0,1,0,0,1,1
84,0,1,0,1,1,0,0,0
85,0,1,0,0,1,0,0,0
86,0,1,0,1,1,0,0,0
87,0,1,0,1,1,0,0,0
88,0,0,0,1,0,0,0,0
89,0,1,0,1,0,0,0,0
90,0,1,0,1,1,0,0,0
91,0,1,0,1,1,0,0,0
92,1,1,0,1,1,0,1,1
93,1,0,0,1,1,0,1,1
94,1,0,0,1,1,0,1,1
95,1,0,0,1,1,0,1,1
96,0,0,0,1,1,0,0,0
97,0,0,1,1,1,0,0,0
98,0,0,1,1,1,0,0,0
99,0,0,0,1,1,0,0,0
100,0,0,1,1,1,0,0,0
101,0,1,1,1,1,0,0,0
102,0,0,1,1,1,0,0,0
103,0,1,0,1,1,0,1,1
104,0,1,0,1,1,0,0,0
105,0,1,0,1,1,0,0,0
106,0,1,0,1,1,0,0,0
107,0,1,0,1,1,0,0,0
108,0,1,0,1,1,0,0,1
109,1,1,0,1,1,0,1,1
110,1,1,0,1,1,0,1,1
111,1,1,0,0,1,0,1,1
112,0,0,0,0,1,0,0,0
113,1,0,0,0,1,0,1,1
114,1,0,0,0,1,0,1,1
115,0,0,0,0,0,0,0,0
116,0,1,0,0,1,0,0,0
117,1,1,0,0,1,0,1,1
118,1,0,1,0,1,0,1,1
119,1,0,1,0,1,0,1,1
120,1,0,0,0,1,0,1,1
121,1,0,0,0,1,0,1,1
122,0,1,0,0,1,0,1,1
123,0,1,0,0,1,0,1,1
124,0,1,0,0,1,0,1,1
125,0,1,0,0,1,0,0,0
126,0,1,0,0,1,0,0,0
127,0,1,0,0,1,0,0,0
128,1,1,0,0,1,0,1,1
129,1,0,1,0,1,0,1,1
130,1,0,1,0,1,0,1,1
131,1,0,1,0,1,0,1,1
132,0,0,1,0,1,0,1,1
133,0,1,1,0,1,0,1,1
134,0,1,1,0,1,0,0,0
135,0,1,0,0,1,0,0,0
136,0,1,0,0,1,0,0,0
137,0,1,0,0,1,0,0,0
138,0,1,0,0,1,0,0,0
139,0,1,0,0,1,0,1,0
140,0,1,1,0,1,0,1,0
141,1,0,1,0,1,1,1,1
142,1,0,0,0,1,1,1,1
143,1,0,1,0,1,1,1,1
144,0,1,1,0,1,0,0,0
145,1,0,1,0,1,0,1,1
146,1,0,1,0,1,0,1,1
147,1,0,0,0,1,0,1,1
148,1,0,0,0,1,0,1,1
149,1,0,0,0,1,0,1,1
150,1,0,0,0,1,0,1,1
151,1,0,0,0,1,0,1,1
152,1,0,0,0,1,0,1,1
153,1,0,1,0,1,0,1,1
154,1,0,1,0,1,0,1,1
155,0,1,1,0,1,0,0,1
156,1,1,1,0,1,0,0,1
157,1,0,1,0,1,0,1,1
158,1,0,1,0,1,0,1,1
159,1,1,1,0,1,0,1,1
160,0,0,1,0,1,0,0,0
161,0,0,1,0,1,0,0,0
162,0,0,1,0,1,0,0,0
163,0,0,1,0,1,0,0,0
164,0,0,1,0,1,0,0,0
165,0,0,1,0,1,0,0,0
166,0,1,1,0,1,0,0,0
167,0,1,1,0,1,0,0,0
168,0,1,1,0,1,0,0,0
169,1,1,1,0,1,0,1,1
170,0,1,1,0,1,0,0,0
171,0,0,1,0,1,0,0,0
172,0,0,1,0,1,0,0,0
173,0,0,1,0,1,0,0,0
174,1,0,1,0,1,0,1,1
175,1,0,1,0,1,0,1,1
176,1,0,1,0,1,0,1,1
177,0,0,1,0,1,0,0,0
178,0,1,1,0,1,0,0,0
179,0,1,1,0,1,0,0,0
180,0,1,1,0,1,0,0,0
181,0,1,1,0,1,0,0,0
182,0,0,1,0,1,0,0,0
183,1,1,1,0,1,0,1,1
184,1,0,1,0,1,0,1,1
185,0,1,1,0,1,0,1,1
186,0,1,1,0,1,0,1,1
187,1,1,1,0,1,0,1,1
188,1,0,1,0,1,0,1,1
189,0,1,1,0,1,0,0,0
190,0,1,1,0,1,0,0,0
191,0,0,1,0,1,0,0,0
192,1,0,1,0,1,0,1,1
193,1,0,1,0,1,0,1,1
194,1,0,1,0,1,0,1,1
195,1,0,1,0,1,1,1,1
196,1,0,1,0,1,1,1,1
197,1,0,1,0,1,1,1,1
198,1,0,1,0,1,1,1,1
199,1,0,1,0,1,1,1,1
200,1,0,1,0,1,1,1,1
201,1,0,1,0,1,1,1,1
202,1,0,1,0,1,0,1,1
203,0,0,1,0,1,0,0,0
204,0,0,1,0,1,0,0,0
205,0,0,1,0,1,0,0,0
206,0,0,1,0,1,0,0,0
207,1,0,1,0,1,0,1,1
208,1,0,1,0,1,0,1,1
209,1,0,1,0,1,0,1,1
210,1,0,1,0,1,0,1,1
211,0,0,1,0,1,0,0,0
212,0,0,1,0,1,0,0,0
213,0,0,1,0,1,0,0,0
214,0,0,1,0,1,0,0,0
215,0,0,1,0,1,0,0,0
216,0,0,1,0,1,0,0,0
217,0,0,1,0,1,0,0,0
218,0,0,1,0,1,0,0,0
219,0,0,1,0,1,0,0,0
220,0,0,1,0,1,0,0,0
221,1,0,1,0,1,0,1,1
222,1,0,1,0,1,0,1,1
223,0,0,1,0,1,0,0,0
224,0,1,1,0,1,0,0,0
225,0,1,1,0,1,0,0,0
226,0,1,1,0,1,0,0,0
227,0,1,1,0,1,0,0,0
228,0,1,1,0,1,0,0,0
229,0,0,1,0,1,0,0,0
230,0,0,1,0,1,0,0,0
231,0,0,1,0,1,0,0,0
232,0,0,1,0,1,0,0,0
233,1,0,1,0,1,0,1,1
234,1,0,1,0,1,0,1,1
235,1,0,1,0,1,0,1,1
236,0,0,1,0,1,0,0,0
237,0,1,1,0,1,0,0,0
238,0,1,1,0,1,0,0,0
239,0,0,1,0,1,0,0,0
240,1,0,1,0,1,0,1,1
241,1,0,1,0,1,0,1,1
242,1,0,1,0,1,1,1,1
243,1,0,0,0,1,1,1,1
244,1,0,1,0,1,1,1,1
245,1,0,1,0,1,1,1,1
246,1,0,1,0,1,1,1,1
247,1,0,1,0,1,1,1,1
248,1,0,1,0,1,1,1,1
249,1,0,1,0,1,1,1,1
250,1,0,1,0,1,1,1,1
251,1,0,1,0,1,1,1,1
252,1,0,1,0,1,1,1,1
253,1,0,1,0,1,0,1,1
254,1,0,1,0,1,0,1,1
255,1,0,1,0,1,0,0,0
256,0,0,1,0,1,0,0,0
257,0,0,1,0,1,0,0,0
258,0,0,1,0,1,0,0,0
259,0,0,1,0,1,0,0,0
260,0,0,1,0,1,0,0,0
261,0,0,1,0,1,0,0,0
262,0,0,1,0,1,0,0,0
263,0,0,1,0,1,0,0,0
264,0,0,1,0,1,0,0,0
265,0,0,1,0,1,0,0,0
266,0,0,1,0,1,0,0,0
267,0,0,1,0,1,0,0,0
268,0,0,1,0,1,0,0,0
269,0,0,1,0,1,0,0,0
270,0,0,1,0,1,0,0,0
271,0,0,1,0,1,0,0,0
272,0,1,0,0,0,0,0,0
273,1,1,0,1,1,0,1,1
274,1,1,0,1,1,0,1,1
275,1,1,0,1,1,0,1,1
276,1,1,0,1,1,0,1,1
277,1,1,0,1,1,0,1,1
278,1,1,0,1,1,0,1,1
279,1,1,0,1,1,0,1,1
280,1,1,0,1,1,0,1,1
281,1,1,0,1,1,0,1,1
282,1,1,0,1,1,0,1,1
283,1,1,0,1,1,0,1,1
284,1,1,0,1,1,0,1,1
285,1,1,0,1,1,0,1,1
286,1,1,0,1,1,0,1,1
287,1,1,0,0,1,0,1,1
288,1,1,0,0,1,0,1,1
289,1,1,0,1,1,0,1,1
290,1,1,0,1,1,0,1,1
291,1,1,0,0,1,0,1,1
292,1,1,0,0,1,0,1,1
293,1,1,0,0,1,0,1,1
294,1,1,0,0,1,0,1,1
295,1,1,0,1,1,0,1,1
296,1,1,0,1,1,0,1,1
297,1,1,1,1,1,0,1,1
298,1,1,1,1,1,0,1,1
299,1,1,0,0,1,1,1,1
300,1,1,0,0,1,1,1,1
301,1,1,0,0,1,0,1,1
302,1,1,0,0,1,0,1,1
303,1,1,0,1,1,1,1,1
304,1,1,0,0,1,1,1,1
305,1,1,0,0,1,0,1,1
306,1,1,0,0,1,0,1,1
307,1,1,0,0,1,0,1,1
308,1,1,0,0,1,0,1,1
309,1,1,0,0,1,0,1,1
310,1,1,0,0,1,0,1,1
311,1,1,0,0,1,0,1,1
312,1,1,0,1,1,0,1,1
313,1,1,0,0,1,0,1,1
314,1,1,0,1,1,0,1,1
315,1,0,0,1,1,0,1,1
316,1,0,0,0,1,0,1,1
317,1,0,0,0,1,0,1,1
318,1,1,0,0,1,0,1,1
319,0,1,0,0,1,0,0,0
320,0,0,0,0,0,0,0,0
321,0,1,0,1,1,0,0,0
322,1,0,0,1,1,0,1,1
323,1,0,1,1,1,0,1,1
324,1,0,0,1,1,0,1,1
325,1,1,0,1,1,0,1,1
326,0,0,0,1,1,0,1,1
327,0,1,0,1,1,0,1,1
328,0,1,0,1,1,0,1,1
329,1,0,0,1,1,0,1,1
330,1,1,0,1,1,0,1,0
331,1,0,0,1,1,0,1,1
332,1,0,0,0,1,0,1,1
333,1,0,0,0,1,0,1,1
334,1,0,0,1,1,0,1,1
335,1,0,0,1,1,0,1,1
336,1,0,0,0,1,0,1,1
337,1,1,0,0,1,0,1,1
338,1,1,0,0,1,0,1,1
339,1,1,0,0,1,0,1,1
340,1,1,0,0,1,0,1,1
341,1,0,0,0,1,0,1,1
342,1,0,0,0,1,0,1,1
343,1,1,0,0,1,0,0,1
344,1,1,1,0,1,0,1,1
345,1,1,1,1,1,0,1,0
346,0,1,1,1,1,0,0,0
347,0,1,0,1,1,0,0,0
348,0,1,1,1,1,0,0,0
349,0,1,1,1,1,0,0,0
350,1,1,0,0,1,0,1,1
351,1,0,0,0,1,0,1,1
352,1,0,0,0,1,0,1,1
353,1,0,0,0,1,0,1,1
354,0,1,0,1,1,0,0,0
355,0,1,0,1,1,0,0,1
356,0,1,0,1,1,0,0,1
357,0,1,1,1,1,0,0,1
358,0,1,1,1,1,0,0,0
359,0,1,1,1,1,0,0,0
360,1,1,0,1,1,0,1,1
361,1,1,1,1,1,0,1,1
362,1,1,1,0,1,0,1,1
363,1,1,1,0,1,0,1,1
364,0,1,1,0,1,0,0,1
365,0,1,1,0,1,0,0,1
366,0,1,1,0,1,0,1,1
367,0,1,1,0,1,0,1,1
368,0,1,1,0,1,1,1,1
369,0,0,1,0,1,0,1,1
370,0,1,1,0,1,0,0,1
371,0,1,0,0,1,0,0,0
372,0,0,1,0,1,0,0,1
373,0,0,1,0,1,0,0,1
374,0,0,0,1,1,0,0,0
375,0,0,0,1,1,0,0,1
376,0,1,0,1,1,0,0,1
377,0,1,1,1,1,0,0,1
378,0,0,1,0,1,0,0,0
379,1,0,1,0,1,0,1,1
380,0,1,1,0,1,0,0,0
381,0,1,0,0,0,0,0,0
382,0,1,0,1,1,0,0,0
383,0,0,1,1,1,0,0,1
384,0,0,1,1,1,0,0,1
385,1,1,1,1,1,0,1,1
386,1,0,1,0,1,0,1,1
387,1,0,1,0,1,0,1,1
388,1,0,1,0,1,0,1,1
389,1,0,1,0,1,0,1,1
390,1,1,1,1,1,0,1,1
391,1,0,1,0,1,0,1,1
392,0,1,1,0,1,0,0,1
393,0,0,1,0,1,0,0,1
394,0,1,1,0,1,0,0,1
395,0,1,1,0,1,0,0,1
396,0,0,1,0,1,0,0,1
397,0,0,1,0,1,0,0,1
398,0,0,1,0,1,0,0,1
399,0,1,1,0,1,0,0,1
400,0,0,1,0,1,0,0,0
401,0,0,1,0,1,0,0,0
402,0,0,1,0,1,0,0,0
403,0,0,1,0,1,0,0,0
404,0,0,1,0,1,0,0,0
405,0,0,1,0,1,0,0,0
406,0,0,1,0,1,0,0,0
407,0,0,1,0,1,0,0,0
408,0,0,1,0,1,0,0,0
409,0,0,1,0,1,0,0,0
410,0,0,1,0,1,0,0,0
411,0,0,1,0,1,0,0,1
412,0,0,1,0,1,0,0,1
413,0,0,1,0,1,0,0,1
414,0,0,1,0,1,0,0,1
415,0,0,1,0,1,0,0,1
416,0,0,1,0,1,0,0,1
417,0,0,1,0,1,0,0,1
418,0,0,1,0,1,0,0,1
419,0,0,1,0,1,0,0,1
420,0,0,0,1,1,0,0,1
421,0,0,0,1,0,0,0,0
422,0,0,1,1,1,0,0,1
423,0,0,1,0,1,0,0,1
424,0,0,1,0,1,0,0,1
425,0,0,0,1,1,0,0,0
426,0,0,0,1,1,0,0,0
427,0,0,0,1,1,0,0,0
428,0,1,0,1,1,0,0,0
429,1,1,0,1,1,0,1,1
430,1,1,0,1,1,0,1,1
431,0,1,1,1,1,0,0,1
432,0,1,1,0,1,0,0,1
433,0,1,1,0,1,0,0,1
434,0,1,1,0,1,0,0,1
435,0,1,1,0,1,0,0,1
436,1,1,1,1,1,0,1,1
437,1,0,1,1,1,0,1,1
438,1,0,1,1,1,0,1,1
439,1,0,0,1,1,0,1,1
440,0,0,0,1,0,0,0,0
441,0,1,0,1,1,0,0,1
442,1,1,0,0,1,0,1,1
443,1,1,0,1,1,0,1,1
444,0,0,1,1,1,0,0,0
445,1,1,1,0,1,0,1,1
446,1,1,0,1,1,0,1,1
447,1,1,0,1,1,0,1,1
448,1,1,0,1,1,0,1,1
449,1,1,0,0,1,0,1,1
450,1,1,0,0,1,0,1,1
451,1,1,0,0,1,0,1,1
452,1,1,0,1,1,0,1,1
453,1,1,0,0,1,0,1,1
454,1,1,1,0,1,0,1,1
455,1,1,1,0,1,0,1,1
456,1,1,1,0,1,0,1,1
457,1,1,1,0,1,0,1,1
458,1,1,0,0,1,0,1,1
459,1,1,1,0,1,0,1,1
460,1,1,1,0,1,0,1,1
461,1,1,0,0,1,0,1,1
462,1,1,1,0,1,0,1,1
463,1,1,1,0,1,0,1,1
464,1,1,0,0,1,0,1,1
465,1,1,1,0,1,0,1,1
466,1,1,1,0,1,0,1,1
467,1,1,1,0,1,0,1,1
468,1,1,1,0,1,0,1,1
469,1,1,1,0,1,0,1,1
470,1,1,0,0,1,0,1,1
471,1,1,0,0,1,0,1,1
472,1,1,0,0,1,0,1,1
473,1,1,0,0,1,0,1,1
474,1,1,0,0,1,0,1,1
475,1,1,0,1,1,0,1,1
476,1,1,0,1,1,0,1,1
477,1,1,0,1,1,0,1,1
478,1,1,0,1,1,0,1,1
479,1,1,0,1,1,0,1,1
480,1,1,0,0,1,0,1,1
481,1,1,0,0,1,0,1,1
482,1,1,0,1,1,0,1,1
483,1,1,0,1,1,0,1,1
484,1,1,0,0,1,0,1,1
485,1,1,0,0,1,0,1,1
486,1,1,1,0,1,0,1,1
487,1,1,1,0,1,0,1,1
488,1,1,0,0,1,0,0,1
489,0,1,0,0,1,0,0,0
490,0,1,0,0,1,0,0,0
491,0,0,0,0,0,0,0,0
492,0,0,0,0,0,0,0,0
493,0,1,0,0,1,0,0,1
494,0,1,0,0,1,0,0,0
495,0,1,0,0,1,0,0,0
496,0,0,0,0,0,0,0,0
497,0,0,1,0,1,0,0,0
498,0,0,1,0,1,0,0,0
499,0,0,1,0,1,0,0,0
500,0,1,1,1,1,0,0,0
501,0,1,1,1,1,0,0,1
502,0,1,1,0,1,0,0,1
503,0,1,1,0,1,0,0,1
504,0,0,1,0,1,0,0,1
505,1,0,1,0,1,0,1,1
506,1,0,1,0,1,0,1,1
507,1,1,1,0,1,0,1,1
508,1,0,1,0,1,0,1,1
509,1,0,1,0,1,0,1,1
510,1,0,0,0,1,0,1,1
511,1,0,0,0,1,0,1,1
512,0,0,0,1,1,0,0,1
513,0,0,0,1,0,0,0,0
514,0,0,0,1,0,0,0,0
515,0,0,1,0,1,0,0,0
516,0,0,1,0,1,0,0,0
517,0,0,1,0,1,0,0,0
518,0,0,1,0,1,0,0,0
519,0,1,1,0,1,0,0,0
520,0,1,1,0,1,0,0,0
521,0,1,1,0,1,0,0,0
522,0,0,1,0,1,0,0,0
523,1,0,1,0,1,0,1,1
524,0,1,1,0,1,0,0,1
525,0,1,1,0,1,0,0,1
526,0,0,1,0,1,0,0,1
527,1,0,1,0,1,0,1,1
528,1,0,1,0,1,0,1,1
529,1,0,1,0,1,0,1,1
530,1,0,1,0,1,0,1,1
531,0,0,1,0,1,0,0,0
532,0,0,1,0,1,0,0,0
533,0,0,1,0,1,0,0,0
534,0,0,1,0,1,0,0,0
535,0,0,1,0,1,0,0,0
536,0,0,1,0,1,0,0,0
537,0,0,1,0,1,0,0,0
538,0,0,1,0,1,0,0,0
539,0,0,1,0,1,0,0,0
540,0,0,1,0,1,0,0,0
541,0,0,0,0,0,0,0,0
542,0,0,1,0,1,0,0,0
543,0,0,1,0,1,0,0,0
544,0,0,1,0,1,0,0,0
545,0,0,1,0,1,0,0,0
546,0,0,1,0,1,0,0,0
547,0,0,1,0,1,0,0,0
548,0,0,0,0,0,0,0,0
549,0,0,1,0,1,0,0,0
550,0,0,1,0,1,0,0,0
551,0,0,0,0,0,0,0,0
552,0,0,1,0,1,0,0,0
553,0,0,1,0,1,0,0,0
554,0,0,1,0,1,0,0,0
555,0,0,1,0,1,0,0,0
556,0,0,0,0,0,0,0,0
557,0,0,0,0,0,0,0,0
558,0,0,0,0,0,0,0,0
559,0,0,1,0,1,0,0,1
560,0,0,1,0,1,0,0,1
561,0,0,1,0,1,0,0,1
562,0,0,1,0,1,0,0,1
563,0,0,1,0,1,0,0,1
564,0,0,1,0,1,0,1,1
565,0,0,1,0,1,0,1,1
566,0,0,1,0,1,0,1,1
567,0,0,1,0,1,0,1,1
568,0,0,1,0,1,0,1,1
569,0,0,1,0,1,0,1,1
570,0,0,1,0,1,0,1,1
571,0,0,1,0,1,0,1,1
572,0,0,1,0,1,0,1,1
573,0,0,1,0,1,0,1,1
574,0,0,1,0,1,0,1,1
575,0,0,1,0,1,0,0,1
576,1,0,0,0,1,1,1,1
577,1,0,0,0,1,1,1,1
578,1,0,1,0,1,1,1,1
579,1,0,1,0,1,0,1,1
580,1,0,1,0,1,0,1,1
581,1,0,1,0,1,0,1,1
582,0,0,1,0,1,0,0,1
583,0,0,1,0,1,0,0,1
584,0,1,1,0,1,0,0,1
585,1,1,1,0,1,0,1,1
586,1,1,1,0,1,0,1,1
587,1,1,1,0,1,0,1,1
588,1,1,1,0,1,0,1,1
589,1,1,1,0,1,0,1,1
590,1,1,1,0,1,1,1,1
591,1,0,1,0,1,1,1,1
592,1,0,1,0,1,1,1,1
593,0,0,1,0,1,0,0,1
594,0,0,1,0,1,0,0,1
595,0,0,1,0,1,0,0,1
596,0,0,1,0,1,0,0,1
597,0,0,1,0,1,0,0,1
598,0,0,1,0,1,0,0,1
599,0,0,1,0,1,0,0,1
600,0,1,1,0,1,0,0,1
601,0,1,1,0,1,0,0,1
602,0,0,1,0,1,0,0,1
603,0,0,1,0,1,0,0,1
604,0,0,1,0,1,0,0,1
605,1,0,1,0,1,0,1,1
606,1,0,1,0,1,0,1,1
607,0,0,1,0,1,0,0,1
608,0,0,1,0,1,0,0,1
609,0,0,1,0,1,0,0,1
610,0,1,1,0,1,0,0,1
611,0,1,1,0,1,0,0,1
612,0,1,1,0,1,0,0,0
613,0,0,1,1,1,0,0,0
614,0,0,1,0,1,0,0,0
615,0,0,1,0,1,0,0,0
616,0,0,1,0,1,0,0,0
617,0,0,1,0,1,0,0,0
618,0,0,1,0,1,0,0,0
619,0,0,1,0,1,0,0,0
620,0,1,1,0,1,0,0,0
621,0,1,1,0,1,0,0,0
622,0,0,0,0,0,0,0,0
623,0,0,0,0,0,0,0,0
624,0,0,0,0,0,0,0,0
625,0,1,1,0,1,0,0,1
626,0,1,1,0,1,0,0,1
627,1,1,1,0,1,0,1,1
628,1,1,0,0,1,0,1,1
629,1,1,0,0,1,0,1,1
630,1,1,0,0,1,0,1,1
631,1,1,0,0,1,0,1,1
632,1,1,1,0,1,0,1,1
633,0,0,1,0,1,0,0,0
634,0,0,1,0,1,0,0,0
635,0,0,1,0,1,0,0,0
636,0,0,1,0,1,0,0,0
637,0,0,1,0,1,0,0,0
638,0,0,1,0,1,0,0,0
639,0,0,1,0,1,0,0,0
640,0,0,1,0,1,0,0,0
641,0,0,1,0,1,0,0,0
642,0,0,1,0,1,0,0,0
643,0,0,1,0,1,0,0,0
644,0,0,1,0,1,0,0,0
645,0,1,1,0,1,0,0,0
646,0,1,1,0,1,0,0,0
647,0,1,1,0,1,0,0,0
648,1,1,1,0,1,0,1,1
649,1,1,1,0,1,0,1,1
650,1,1,1,0,1,0,1,1
651,0,0,1,0,1,0,0,1
652,0,0,1,0,1,0,1,0
653,1,0,1,0,1,0,1,0
654,1,0,1,0,1,0,1,1
655,1,0,1,0,1,0,1,1
656,0,0,1,0,1,0,0,0
657,0,0,1,0,1,0,0,0
658,0,0,1,0,1,0,0,0
659,0,0,1,0,1,0,0,0
660,0,0,1,0,1,0,0,0
661,0,0,1,0,1,0,0,0
662,0,0,1,0,1,0,0,0
663,0,0,1,0,1,0,0,0
664,1,0,1,0,1,0,1,1
665,1,0,1,0,1,0,1,1
666,1,0,1,0,1,0,1,1
667,0,0,1,0,1,0,0,0
668,0,0,1,0,1,0,0,0
669,0,0,1,0,1,0,0,0
670,0,0,1,0,1,0,0,0
671,0,1,1,0,1,0,0,0
672,1,1,1,0,1,0,1,1
673,0,1,1,0,1,0,0,0
674,0,1,1,0,1,0,0,0
675,0,1,1,0,1,0,0,0
676,0,0,1,0,1,0,0,0
677,0,0,1,1,1,0,0,0
678,0,1,1,0,1,0,0,0
679,0,0,1,0,1,0,0,0
680,0,1,1,0,1,0,0,0
681,0,1,1,0,1,0,0,0
682,1,1,1,0,1,0,1,1
683,0,0,1,0,0,0,0,0
684,0,0,0,0,0,0,0,0
685,0,0,0,0,0,0,0,0
686,0,0,0,0,0,0,0,0
687,0,0,0,0,0,0,0,0
688,0,1,0,0,1,0,0,0
689,0,1,0,0,1,0,0,0
690,0,1,0,0,1,0,0,0
691,0,1,1,1,1,0,0,0
692,0,0,1,1,1,0,0,0
693,0,1,0,0,1,0,0,0
694,0,1,0,0,1,0,0,0
695,1,0,0,0,1,0,1,1
696,0,0,0,0,1,0,0,1
697,0,0,0,0,1,0,0,0
698,0,0,1,1,1,0,0,0
699,0,1,1,1,1,0,0,0
700,0,1,0,0,0,0,0,0
701,0,0,1,0,1,0,0,0
702,0,1,0,0,1,0,0,0
703,0,1,0,0,1,0,1,1
704,1,1,0,0,1,0,1,1
705,0,1,1,0,1,0,1,1
706,1,1,1,0,1,0,1,1
707,1,1,1,0,1,0,1,1
708,1,1,1,0,1,0,1,1
709,1,1,1,0,1,0,1,1
710,0,1,1,1,1,0,0,1
711,1,1,1,1,1,0,1,1
712,1,1,1,0,1,0,1,1
713,0,0,1,0,1,0,0,0
714,1,1,1,0,1,0,1,1
715,1,1,0,1,1,0,1,1
716,0,0,1,1,1,0,0,0
717,1,1,1,0,1,0,1,1
718,0,1,1,0,1,0,0,0
719,0,0,1,0,1,0,0,0
720,0,0,1,0,1,0,0,0
721,0,0,1,0,1,0,0,0
722,0,1,1,0,1,0,0,0
723,0,1,0,1,1,0,0,0
724,0,0,1,1,1,0,0,0
725,0,1,0,1,1,0,0,0
726,0,1,0,1,1,0,0,1
727,0,0,1,0,1,0,0,1
728,0,0,1,1,1,0,0,1
729,0,1,0,1,1,0,0,1
730,0,0,0,1,0,0,0,0
731,0,0,0,1,0,0,0,0
732,0,0,0,1,0,0,0,0
733,0,0,0,1,0,0,0,0
734,0,0,0,1,0,0,0,0
735,0,0,0,1,0,0,0,0
736,0,0,1,0,1,0,0,0
737,0,1,1,0,1,0,0,0
738,0,0,1,1,1,0,0,0
739,0,1,0,1,0,0,0,0
740,0,1,0,0,0,0,0,0
741,0,1,0,0,0,0,0,0
742,0,1,0,1,0,0,0,0
743,0,0,0,1,0,0,0,0
744,0,0,0,0,0,0,0,0
745,1,0,0,0,1,0,1,1
746,1,1,1,0,1,0,1,1
747,1,1,1,0,1,0,1,1
748,0,1,1,0,1,0,0,0
749,0,1,1,0,1,0,0,0
750,0,0,1,0,1,0,0,0
751,0,0,1,0,1,0,0,0
752,0,0,0,0,1,0,0,0
753,0,1,0,0,1,0,0,0
754,0,1,0,0,1,0,0,1
755,0,1,0,0,1,0,0,1
756,0,0,0,0,1,0,0,0
757,0,0,0,0,1,0,0,0
758,0,1,0,0,1,0,0,1
759,0,1,1,0,1,0,0,1
760,0,0,1,0,1,0,0,0
761,0,0,1,0,1,0,0,0
762,0,0,1,0,1,0,0,0
763,0,0,1,0,1,0,0,0
764,1,1,1,0,1,0,1,1
765,1,1,1,0,1,0,1,1
766,0,0,1,0,1,0,0,0
767,0,0,1,0,1,0,0,0
768,0,0,1,0,1,0,0,0
769,1,1,1,0,1,0,1,1
770,1,0,1,0,1,0,1,1
771,0,0,1,0,1,0,0,1
772,0,0,1,0,1,0,0,0
773,0,0,1,0,1,0,0,0
774,1,0,1,0,1,0,1,1
775,1,0,1,0,1,0,1,1
776,1,0,1,0,1,0,1,1
777,1,0,1,0,1,0,1,1
778,1,0,1,0,1,1,1,1
779,1,0,1,0,1,1,1,1
780,1,0,1,0,1,1,1,1
781,1,0,1,0,1,1,1,1
782,1,0,1,0,1,1,1,1
783,0,0,1,0,1,0,0,0
784,0,0,1,0,1,0,0,0
785,0,0,1,0,1,0,0,0
786,1,0,1,0,1,0,1,1
787,1,0,1,0,1,0,1,1
788,1,0,0,0,1,0,1,1
789,1,0,0,0,1,0,1,1
790,1,0,1,0,1,0,1,1
791,1,0,1,0,1,0,1,1
792,0,0,1,0,1,0,0,0
793,0,0,1,0,1,0,0,0
794,0,0,1,0,1,0,0,0
795,0,0,1,0,1,0,0,0
796,0,0,1,0,1,0,0,0
797,0,0,1,0,1,0,0,0
798,0,0,1,0,1,0,0,0
799,0,0,1,0,1,0,0,0
800,0,0,1,0,1,0,0,0
801,0,0,1,0,1,0,0,0
802,0,0,1,0,1,0,0,0
803,0,0,1,0,1,0,0,0
804,1,0,1,0,1,0,1,1
805,1,0,1,0,1,0,1,1
806,1,1,1,0,1,0,1,1
807,0,1,1,0,1,0,0,0
808,1,1,1,0,1,0,0,0
809,1,1,1,0,1,0,1,1
810,1,1,0,0,1,0,1,1
811,0,0,0,0,0,0,0,0
812,0,1,0,0,1,0,0,0
813,0,1,0,0,1,0,0,0
814,0,1,0,0,1,0,0,0
815,1,1,0,0,1,0,1,1
816,1,1,0,0,1,0,1,1
817,0,1,0,0,1,0,0,1
818,0,1,0,0,1,0,0,0
819,0,1,1,0,1,0,0,0
820,1,1,1,0,1,0,1,1
821,1,1,1,0,1,0,1,1
822,1,1,1,0,1,0,1,1
823,0,1,1,0,1,0,1,1
824,0,1,1,0,1,0,0,0
825,0,1,1,0,1,0,0,0
826,0,1,1,0,1,0,0,0
827,0,1,1,0,1,0,0,0
828,0,1,1,0,1,0,0,0
829,0,1,1,0,1,0,0,0
830,0,1,1,0,1,0,0,0
831,1,0,1,0,1,0,1,1
832,0,0,0,0,0,0,0,0
833,0,0,0,0,0,0,0,0
834,0,0,0,0,0,0,0,0
835,1,0,0,0,1,0,1,1
836,1,0,0,0,1,0,1,1
837,1,1,0,0,1,0,1,1
838,1,1,0,0,1,0,1,1
839,1,1,0,0,1,0,1,1
840,1,1,0,0,1,1,1,1
841,1,1,0,0,1,1,1,1
842,1,1,0,0,1,1,1,1
843,1,0,0,0,1,1,1,1
844,1,1,0,0,1,0,1,1
845,1,1,0,0,1,0,1,1
846,0,1,0,0,1,0,0,0
847,0,1,1,0,1,0,0,0
848,0,1,1,0,1,0,0,0
849,1,1,1,0,1,0,1,1
850,1,0,1,0,1,0,1,1
851,1,0,1,0,1,0,1,1
852,1,1,1,0,1,0,1,1
853,0,1,1,0,1,0,0,0
854,0,0,1,0,1,0,0,0
855,0,0,1,0,1,0,0,0
856,0,0,1,0,1,0,0,0
857,0,0,1,0,1,0,0,0
858,0,0,1,0,1,0,0,0
859,0,0,1,0,1,0,0,0
860,0,1,1,0,1,0,0,0
861,0,1,1,0,1,0,0,0
862,0,0,1,0,1,0,0,0
863,1,0,1,0,1,0,1,1
864,1,0,1,0,1,0,1,1
865,1,0,1,0,1,0,1,1
866,1,0,1,0,1,0,1,1
867,1,0,1,0,1,0,1,1
868,1,1,1,0,1,0,1,1
869,1,1,1,0,1,0,1,1
870,1,1,1,0,1,0,1,1
871,1,1,1,0,1,0,1,1
872,1,1,1,0,1,0,1,1
873,1,1,1,0,1,0,1,1
874,1,1,1,0,1,0,1,1
875,1,1,1,0,1,0,1,1
876,1,0,1,0,1,0,1,1
877,0,0,1,0,1,0,0,1
878,1,0,1,0,1,0,0,1
879,1,1,1,0,1,0,1,1
880,1,1,1,0,1,0,1,1
881,1,0,1,0,1,0,1,1
882,0,0,1,0,1,0,0,1
883,0,0,1,1,1,0,0,0
884,0,0,1,1,1,0,0,0
885,0,1,1,1,1,0,0,0
886,0,1,1,0,1,0,0,1
887,0,1,1,1,1,0,0,0
888,0,0,1,1,1,0,0,0
889,0,0,1,1,1,0,0,0
890,0,0,1,1,1,0,1,0
891,1,0,1,1,1,0,1,1
892,1,0,0,0,1,0,1,1
893,1,0,0,0,1,0,0,1
894,1,1,0,0,1,0,1,1
895,1,1,1,0,1,0,1,1
896,0,1,1,0,1,0,0,1
897,0,1,1,0,1,0,0,1
898,0,1,1,1,1,0,0,1
899,1,1,1,1,1,0,1,1
900,1,1,1,1,1,0,1,1
901,1,1,1,1,1,0,1,1
902,1,0,1,1,1,0,1,1
903,1,0,1,1,1,0,1,1
904,1,0,1,1,1,0,1,1
905,1,0,1,1,1,0,1,1
906,1,0,1,1,1,0,1,1
907,1,0,1,1,1,0,1,1
908,0,0,1,1,1,0,0,0
909,0,1,1,1,1,0,0,0
910,0,1,1,0,1,0,0,0
911,0,1,1,0,1,0,0,0
912,0,1,1,0,1,0,1,1
913,1,1,1,0,1,0,1,1
914,0,1,1,1,1,0,1,1
915,0,0,1,1,1,0,1,1
916,0,1,1,1,1,0,1,1
917,0,1,1,0,1,0,0,0
918,0,1,1,0,1,0,0,1
919,0,1,1,0,1,0,0,1
920,0,1,1,0,1,0,0,1
921,0,1,1,0,1,0,0,1
922,0,0,1,0,0,0,0,0
923,0,0,1,1,0,0,0,0
924,0,1,1,1,0,0,0,0
925,0,1,1,1,1,0,0,0
926,0,1,1,1,1,0,0,0
927,1,1,1,0,1,0,1,1
928,1,0,0,0,1,0,1,1
929,0,1,0,0,1,0,0,0
930,0,1,0,0,1,0,0,0
931,0,1,0,0,1,0,0,1
932,0,1,1,0,1,0,0,0
933,0,1,1,0,1,0,0,0
934,0,1,0,0,1,0,0,0
935,1,1,0,0,1,0,1,1
936,1,1,0,0,1,0,1,1
937,0,1,0,0,0,0,0,0
938,0,1,0,0,0,0,0,0
939,0,1,0,0,0,0,0,0
940,0,0,1,0,1,0,0,0
941,0,1,1,0,1,0,0,0
942,1,1,1,0,1,0,1,1
943,0,1,1,0,1,0,0,0
944,0,1,1,0,1,0,0,0
945,0,1,1,0,1,0,0,0
946,0,1,1,0,1,0,0,0
947,0,1,0,0,1,0,0,0
948,0,1,0,0,0,0,0,0
949,0,1,0,0,0,0,0,0
950,0,0,0,0,0,0,0,0
951,0,0,0,0,0,0,0,0
952,0,0,0,1,0,0,0,0
953,0,1,0,0,0,0,0,0
954,0,1,0,0,0,0,0,0
955,0,0,0,0,0,0,0,0
956,0,0,1,0,1,0,0,0
957,0,0,1,0,1,0,0,0
958,0,1,1,0,1,0,1,1
959,0,1,0,0,0,0,1,1
960,0,1,0,0,0,0,1,1
961,0,1,0,0,0,0,1,1
962,0,1,0,0,0,0,0,0
963,0,1,0,0,0,0,0,0
964,0,0,0,0,0,0,0,0
965,0,0,0,0,0,0,0,0
966,0,0,0,0,0,0,0,0
967,0,0,0,0,0,0,0,0
968,0,0,0,0,0,0,0,0
969,0,0,0,0,0,0,0,0
970,0,0,0,0,0,0,0,0
971,0,1,0,0,0,0,0,0
972,0,1,0,0,0,0,0,0
973,0,1,0,0,0,0,0,0
974,0,1,0,0,0,0,1,1
975,0,1,0,1,0,0,1,1
976,0,1,0,0,0,0,0,0
977,1,1,1,0,1,0,1,1
978,0,1,1,0,1,0,0,1
979,0,1,1,0,1,0,0,1
980,0,1,1,0,1,0,0,0
981,0,1,0,1,1,0,0,0
982,1,1,0,1,1,0,1,1
983,1,1,0,0,1,0,1,1
984,1,1,0,0,1,0,1,1
985,1,0,0,0,1,0,1,1
986,1,0,0,0,1,0,1,1
987,1,0,0,0,1,0,1,1
988,1,0,0,0,1,0,1,1
989,1,0,0,0,1,0,1,1
990,1,0,0,0,1,0,1,1
991,1,0,0,0,1,0,1,1
992,1,0,0,0,1,0,1,1
993,1,0,0,0,1,0,1,1
994,1,0,0,0,1,0,1,1
995,1,0,0,0,1,0,1,1
996,1,0,0,0,1,0,1,1
997,1,0,0,0,1,0,1,1
998,1,0,0,0,1,0,1,1
999,1,0,0,0,1,0,1,1
1000,1,0,0,0,1,0,1,1
1001,1,0,1,0,1,0,1,1
1002,1,0,1,0,1,0,1,1
1003,1,1,0,0,1,0,1,1
1004,1,1,0,0,1,0,1,1
1005,1,1,0,0,1,0,1,1
1006,1,0,0,0,1,0,1,1
1007,1,0,0,0,1,0,1,1
1008,1,0,0,0,1,0,1,1
1009,1,0,0,0,1,0,1,1
1010,1,0,0,0,1,0,1,1
1011,1,0,0,0,1,0,1,1
1012,1,0,0,0,1,0,1,1
1013,1,0,0,0,1,0,1,1
1014,0,0,1,0,1,0,0,0
1015,0,0,1,0,1,0,0,0
1016,0,0,1,0,1,0,0,0
1017,0,1,1,0,1,0,0,1
1018,1,1,1,0,1,0,1,1
1019,0,1,1,0,1,0,0,0
1020,0,1,1,0,1,0,0,0
1021,0,1,1,0,1,0,0,0
1022,0,1,1,0,1,0,1,1
1023,0,1,1,0,1,0,1,1
1024,0,1,1,0,1,0,0,0
1025,0,0,1,0,1,0,0,0
1026,0,0,1,0,1,0,0,0
1027,0,0,1,0,1,0,0,0
1028,0,1,1,0,1,0,0,0
1029,0,1,0,0,0,0,0,0
1030,0,1,0,0,0,0,0,0
1031,0,1,0,0,0,0,0,0
1032,0,1,0,0,0,0,0,0
1033,1,1,0,0,0,0,1,1
1034,0,1,0,0,0,0,0,1
1035,0,0,0,1,0,0,0,0
1036,0,0,0,1,0,0,0,0
1037,0,0,0,1,0,0,0,0
1038,0,1,0,1,0,0,0,0
1039,0,1,0,1,0,0,0,0
1040,0,0,0,1,0,0,0,0
1041,0,0,0,1,0,0,0,0
1042,0,0,0,1,0,0,0,0
1043,0,0,0,1,0,0,0,0
1044,0,0,0,1,0,0,0,0
1045,0,1,0,1,1,0,0,0
1046,0,1,0,1,1,0,0,0
1047,0,1,0,1,1,0,0,0
1048,0,0,0,1,0,0,0,0
1049,0,0,0,1,0,0,0,0
1050,0,0,0,1,0,0,0,0
1051,0,0,0,1,0,0,0,0
1052,0,0,0,1,0,0,0,0
1053,0,0,0,1,0,0,0,0
1054,0,0,0,1,0,0,0,0
1055,0,0,0,1,0,0,0,0
1056,0,0,0,1,0,0,0,0
1057,0,0,0,1,0,0,0,0
1058,0,0,0,1,0,0,0,0
1059,0,0,0,1,0,0,0,0
1060,0,0,0,1,0,0,0,0
1061,0,0,0,1,0,0,0,0
1062,0,0,0,1,0,0,0,0
1063,0,0,0,1,0,0,0,0
1064,0,0,0,1,0,0,0,0
1065,0,0,0,1,0,0,0,0
1066,0,1,0,1,0,0,0,0
1067,0,1,0,0,0,0,0,0
1068,0,1,0,0,0,0,0,0
1069,0,1,0,0,0,0,1,1
1070,0,1,0,0,0,0,1,1
1071,0,0,0,0,0,0,0,0
1072,0,1,0,1,0,0,0,0
1073,0,1,0,1,0,0,0,0
1074,0,1,0,1,0,0,0,0
1075,0,1,0,1,0,0,0,0
1076,0,1,0,1,0,0,0,0
1077,1,1,0,1,0,0,1,1
1078,1,1,0,1,0,0,1,1
1079,0,1,0,0,0,0,0,0
1080,0,1,0,0,0,0,0,1
1081,0,1,0,0,0,0,0,1
1082,0,1,0,0,0,0,0,1
1083,0,1,0,0,0,0,0,1
1084,0,1,0,0,0,0,0,1
1085,0,1,0,0,0,0,0,1
1086,0,1,0,0,0,0,0,0
1087,0,1,0,0,0,0,0,0
1088,0,1,0,0,0,0,0,0
1089,0,1,0,0,0,0,0,0
1090,0,1,0,0,0,0,0,0
1091,0,0,0,1,0,0,0,0
1092,0,0,0,1,0,0,0,0
1093,0,0,0,1,0,0,0,0
1094,0,0,0,1,0,0,0,0
1095,0,0,0,1,0,0,0,0
1096,0,0,0,1,0,0,0,0
1097,0,0,0,1,0,0,0,0
1098,0,0,0,1,0,0,0,0
1099,0,0,0,1,0,0,0,0
1100,0,0,0,1,0,0,0,0
1101,0,0,0,1,0,0,0,0
1102,0,0,0,1,0,0,0,0
1103,0,1,0,0,0,0,0,0
1104,0,1,0,1,0,0,0,0
1105,0,0,0,1,0,0,0,0
1106,0,0,0,1,0,0,0,0
1107,1,1,0,1,0,0,1,1
1108,1,1,0,1,0,0,1,1
1109,0,0,0,1,0,0,0,0
1110,0,1,0,1,0,0,0,0
1111,0,1,0,0,0,0,0,0
1112,1,1,0,0,0,0,1,1
1113,1,1,0,0,1,0,1,1
1114,1,1,0,1,1,0,1,1
1115,0,1,0,1,1,0,0,0
1116,0,1,0,1,1,0,0,0
1117,0,1,0,1,1,0,0,0
1118,0,1,0,0,0,0,0,0
1119,0,1,0,0,0,0,0,0
1120,0,1,0,0,0,0,0,0
1121,0,1,0,0,0,0,0,0
1122,0,1,0,0,0,0,0,0
1123,0,1,0,0,0,0,0,0
1124,0,1,0,1,0,0,0,0
1125,0,1,0,1,0,0,0,0
1126,0,1,0,0,0,0,0,0
1127,0,1,0,0,0,0,0,0
1128,0,1,0,0,0,0,0,0
1129,0,1,0,0,0,0,0,0
1130,0,1,0,0,0,0,0,0
1131,0,1,0,0,0,0,0,0
1132,0,1,0,0,0,0,0,0
1133,0,1,0,0,0,0,0,0
1134,0,1,0,0,0,0,0,0
1135,0,1,0,0,0,0,0,0
1136,0,0,0,0,0,0,0,0
1137,0,1,0,0,0,0,0,0
1138,0,1,0,0,0,0,0,0
1139,0,1,0,0,0,0,0,0
1140,0,1,0,0,0,0,0,0
1141,0,0,0,0,0,0,0,0
1142,0,0,0,0,0,0,0,0
1143,1,0,0,0,0,0,1,1
1144,1,1,0,0,0,0,1,1
1145,0,1,0,0,0,0,0,0
1146,0,1,0,0,0,0,0,0
1147,0,1,0,0,0,0,0,1
1148,0,1,0,0,0,0,0,1
1149,0,1,0,0,0,0,0,1
1150,0,1,0,0,0,0,0,1
1151,0,1,0,0,0,0,0,1
1152,0,1,0,0,0,0,0,0
1153,0,1,0,0,0,0,0,0
1154,1,1,0,0,0,0,1,1
1155,1,1,0,0,0,0,1,1
1156,1,1,0,0,0,0,1,1
1157,0,1,0,0,0,0,0,0
1158,0,1,0,0,0,0,0,0
1159,0,1,0,0,0,0,0,0
1160,0,1,0,0,0,0,0,0
1161,0,1,0,0,0,0,0,0
1162,0,1,0,0,0,0,0,0
1163,0,1,0,0,0,0,0,0
1164,0,1,0,0,0,0,0,0
1165,0,1,0,0,0,0,0,0
1166,0,1,0,0,0,0,0,0
1167,0,1,0,0,0,0,0,0
1168,0,1,0,0,0,0,0,0
1169,0,1,0,0,0,0,0,0
1170,1,1,0,0,0,0,0,0
1171,0,1,0,0,0,0,0,0
1172,1,1,0,0,0,0,1,1
1173,1,1,1,0,1,0,1,1
1174,1,0,1,0,1,0,1,1
1175,1,1,1,0,1,0,1,1
1176,0,1,1,0,1,0,0,1
1177,0,1,1,0,1,0,0,0
1178,0,1,1,0,1,0,0,0
1179,0,0,1,0,1,0,0,0
1180,1,0,1,0,1,0,1,1
1181,1,0,1,0,1,0,1,1
1182,0,0,1,0,1,0,0,0
1183,1,0,1,0,1,0,1,1
1184,1,1,1,0,1,0,1,1
1185,0,1,1,0,1,0,0,1
1186,0,1,0,0,1,0,0,1
1187,0,1,0,0,1,0,0,0
1188,0,1,0,0,1,0,0,1
1189,1,1,0,0,0,0,1,1
1190,1,1,0,0,0,0,1,1
1191,1,1,0,0,0,0,1,1
1192,1,1,0,0,0,0,1,1
1193,1,0,0,0,0,0,1,1
1194,1,1,0,0,0,0,1,1
1195,1,1,0,0,0,0,1,1
1196,1,1,0,0,0,0,1,1
1197,1,0,0,0,0,0,1,1
1198,1,0,0,1,0,0,1,1
1199,1,0,0,1,0,0,1,1
1200,1,1,0,0,0,0,1,1
1201,0,1,0,0,0,0,1,1
1202,0,1,0,0,0,0,0,0
1203,1,1,0,0,0,0,1,1
1204,1,1,0,0,0,0,1,1
1205,0,1,0,0,0,0,0,0
1206,0,1,0,0,0,0,1,1
1207,0,1,0,1,0,0,1,0
1208,0,1,0,1,0,0,1,0
1209,0,1,0,1,0,0,1,0
1210,0,1,0,1,0,0,1,1
1211,0,1,0,1,0,0,1,1
1212,0,1,0,1,0,0,1,0
1213,0,1,0,1,0,0,1,0
1214,0,1,0,1,0,0,1,0
1215,0,1,0,1,0,0,1,0
1216,0,1,0,1,0,0,1,0
1217,0,1,0,1,0,0,1,0
1218,0,1,0,1,0,0,1,0
1219,0,1,0,1,0,0,1,0
1220,0,1,0,1,0,0,1,0
1221,0,1,0,1,1,0,1,1
1222,0,0,1,0,1,0,0,0
1223,0,1,1,0,1,0,0,1
1224,1,1,1,0,1,0,1,1
1225,1,0,1,0,1,0,1,1
1226,1,0,1,0,1,0,1,1
1227,1,0,1,0,1,0,1,1
1228,1,1,1,0,1,0,1,1
1229,0,1,1,0,1,0,0,1
1230,0,0,1,0,1,0,0,0
1231,1,0,1,0,1,0,1,0
1232,1,0,1,0,1,0,1,0
1233,1,0,1,0,1,0,1,1
1234,1,0,1,0,1,0,1,1
1235,1,0,1,0,1,0,1,1
1236,1,0,1,0,1,0,1,1
1237,1,1,1,0,1,0,0,1
1238,1,1,1,0,1,0,1,1
1239,1,0,0,0,1,0,1,1
1240,1,0,0,0,1,0,1,1
1241,1,0,0,0,1,0,1,1
1242,1,0,0,0,1,0,1,1
1243,0,1,0,0,1,0,0,0
1244,0,1,0,0,1,0,1,1
1245,0,1,1,0,1,0,0,0
1246,1,0,1,0,1,0,1,1
1247,1,0,1,0,1,0,1,1
1248,0,0,0,0,0,0,0,0
1249,0,0,1,0,1,0,0,0
1250,1,0,1,0,1,0,1,1
1251,1,1,1,0,1,0,1,1
1252,0,1,1,0,1,0,1,1
1253,0,1,1,0,1,0,1,1
1254,0,1,1,0,1,0,1,1
1255,0,1,1,0,1,0,1,1
1256,0,1,1,0,1,0,1,1
1257,0,1,1,0,1,0,1,1
1258,1,1,1,0,1,0,1,1
1259,1,0,1,0,1,0,1,1
1260,1,0,1,0,1,0,1,1
1261,1,0,1,0,1,0,1,1
1262,1,0,1,0,1,0,1,1
1263,1,0,1,0,1,0,1,1
1264,1,0,1,0,1,1,1,1
1265,1,0,0,0,1,0,1,1
1266,1,1,0,0,1,0,1,1
1267,1,0,0,0,1,0,1,1
1268,1,1,0,0,1,0,1,1
1269,0,1,0,0,0,0,0,0
1270,0,1,0,0,0,0,0,0
1271,0,1,0,0,0,0,0,0
1272,0,1,0,0,0,0,0,0
1273,0,1,0,0,0,0,0,0
1274,0,1,0,0,0,0,0,0
1275,0,1,0,0,0,0,0,0
1276,0,1,0,0,0,0,0,0
1277,0,1,0,0,0,0,0,0
1278,0,1,0,0,0,0,0,0
1279,0,1,0,0,0,0,0,0
1280,0,1,0,0,0,0,0,0
1281,0,1,0,0,0,0,0,0
1282,0,1,0,0,0,0,0,0
1283,0,1,0,0,0,0,0,0
1284,0,1,0,0,0,0,0,0
1285,0,1,0,0,0,0,0,0
1286,0,1,0,0,0,0,0,0
1287,0,1,0,0,0,0,0,0
1288,0,1,0,0,0,0,0,1
1289,0,1,0,0,0,0,0,1
1290,0,1,0,0,0,0,0,1
1291,0,1,0,0,0,0,0,1
1292,0,1,0,0,0,0,0,1
1293,1,1,0,0,0,0,1,1
1294,1,1,0,0,0,0,1,1
1295,0,1,0,0,0,0,0,1
1296,0,1,0,0,0,0,0,1
1297,0,1,0,0,0,0,0,1
1298,0,0,0,1,0,0,0,0
1299,0,0,0,1,0,0,0,0
1300,0,1,0,1,0,0,0,0
1301,0,1,0,1,0,0,0,0
1302,0,1,0,1,0,0,0,0
1303,0,1,0,1,0,0,0,0
1304,0,1,0,0,0,0,0,0
1305,0,1,0,0,0,0,0,0
1306,0,1,0,0,0,0,0,0
1307,0,1,0,0,0,0,0,0
1308,0,1,1,1,0,0,0,0
1309,0,0,1,0,0,0,0,0
1310,0,0,1,1,1,0,0,0
1311,0,0,1,1,1,0,0,0
1312,0,1,0,1,1,0,0,1
1313,0,1,0,1,1,0,0,1
1314,0,1,0,1,1,0,0,1
1315,0,1,0,0,1,0,0,1
1316,0,1,0,0,1,0,0,1
1317,0,1,1,0,0,0,0,0
1318,0,1,1,1,0,0,0,0
1319,0,1,1,1,0,0,0,0
1320,0,1,0,0,0,0,0,0
1321,0,1,0,0,1,0,1,1
1322,0,1,0,0,1,0,0,0
1323,0,1,0,0,1,0,0,0
1324,0,1,0,0,1,0,0,0
1325,0,1,0,0,1,0,0,0
1326,0,1,0,0,1,0,0,1
1327,0,1,0,0,0,0,0,1
1328,0,1,0,0,0,0,0,0
1329,0,1,0,0,0,0,0,0
1330,0,1,0,0,0,0,0,0
1331,0,1,0,0,0,0,0,0
1332,0,1,0,0,0,0,1,1
1333,1,1,0,0,1,0,1,1
1334,1,0,0,0,1,0,1,1
1335,1,0,0,0,1,0,1,1
1336,1,0,0,0,1,0,1,1
1337,1,0,0,0,1,0,1,1
1338,1,0,0,0,1,0,1,1
1339,1,0,0,0,1,0,1,1
1340,1,0,0,0,1,0,1,1
1341,1,0,0,0,1,0,1,1
1342,1,0,0,0,1,0,1,1
1343,1,0,0,0,1,0,1,1
1344,1,0,0,0,1,0,1,1
1345,1,0,0,0,1,0,1,1
1346,1,1,0,0,1,0,1,1
1347,0,1,0,0,1,0,1,1
1348,0,1,1,0,1,0,0,0
1349,0,1,1,0,1,0,0,1
1350,0,0,1,0,1,0,0,0
1351,0,0,1,0,1,0,0,0
1352,0,0,1,0,1,0,0,0
1353,0,0,1,0,1,0,0,0
1354,0,0,1,0,1,0,0,0
1355,0,0,1,0,1,0,0,0
1356,0,0,1,0,1,0,0,0
1357,0,0,1,0,1,0,0,0
1358,0,0,1,0,1,0,0,0
1359,0,0,1,0,1,0,0,0
1360,0,0,1,0,1,0,0,0
1361,0,0,1,0,1,0,0,0
1362,0,0,1,0,1,0,0,0
1363,0,0,1,0,1,0,0,1
1364,0,0,1,0,1,0,0,1
1365,1,1,1,0,1,0,1,1
1366,1,1,0,0,1,0,1,1
1367,1,1,0,0,1,0,1,1
1368,1,1,0,0,1,0,1,1
1369,1,1,0,0,1,0,1,1
1370,1,0,0,0,1,0,1,1
1371,1,0,0,0,1,0,1,1
1372,0,1,0,0,1,0,1,0
1373,1,1,0,0,1,0,1,1
1374,1,0,0,0,1,0,1,1
1375,1,0,0,0,1,0,1,1
1376,1,0,0,0,1,0,1,1
1377,0,0,0,0,1,0,0,0
1378,0,1,0,0,1,0,0,1
1379,0,1,0,0,1,0,0,1
1380,0,1,0,0,1,0,0,1
1381,0,1,1,0,1,0,0,0
1382,0,1,1,0,1,0,0,0
1383,0,0,1,0,1,0,0,0
1384,0,0,1,0,1,0,0,0
1385,0,0,1,0,1,0,0,0
1386,0,0,1,0,1,0,0,0
1387,0,0,1,0,1,0,0,0
1388,0,0,1,0,1,0,0,0
1389,0,0,1,0,1,0,0,0
1390,0,0,1,0,1,0,0,0
1391,0,1,1,0,1,0,0,0
1392,0,1,0,0,0,0,0,0
1393,0,1,0,0,0,0,0,0
1394,0,1,0,0,0,0,0,0
1395,0,1,0,1,0,0,0,0
1396,0,1,0,1,0,0,0,0
1397,0,1,0,1,0,0,0,0
1398,0,1,0,0,0,0,0,0
1399,0,1,0,0,0,0,0,0
1400,0,1,0,0,0,0,0,0
1401,0,1,0,0,0,0,0,0
1402,0,1,0,0,0,0,0,0
1403,0,1,0,0,0,0,0,0
1404,0,1,0,0,0,0,0,1
1405,1,1,0,0,0,0,1,1
1406,0,1,0,0,0,0,0,0
1407,0,1,0,0,0,0,0,0
1408,0,0,0,1,0,0,0,0
1409,0,0,0,1,0,0,0,0
1410,0,0,0,1,0,0,0,0
1411,0,0,0,1,0,0,0,0
1412,0,0,0,1,0,0,0,0
1413,0,0,0,1,0,0,0,0
1414,0,0,0,1,0,0,0,0
1415,0,0,0,1,0,0,0,0
1416,0,0,0,1,0,0,0,0
1417,0,1,0,1,0,0,0,0
1418,0,1,0,1,0,0,0,0
1419,0,1,0,1,0,0,0,0
1420,0,1,0,1,0,0,0,0
1421,0,1,0,1,0,0,0,0
1422,0,1,0,1,0,0,0,0
1423,0,1,0,1,0,0,0,1
1424,0,1,0,0,0,0,0,0
1425,0,1,0,0,0,0,0,0
1426,0,1,0,1,0,0,0,0
1427,0,0,0,1,0,0,0,0
1428,0,0,0,1,0,0,0,0
1429,0,1,0,1,0,0,0,0
1430,0,1,0,1,0,0,0,0
1431,0,1,0,1,0,0,0,0
1432,0,1,0,1,0,0,0,0
1433,1,1,0,1,1,0,1,0
1434,1,0,0,0,1,0,1,0
1435,1,0,0,0,1,0,1,1
1436,0,0,0,0,1,0,0,1
1437,0,1,0,0,1,0,0,1
1438,1,1,0,0,1,0,1,1
1439,1,0,0,0,1,0,1,1
1440,1,0,0,0,1,0,1,1
1441,1,0,0,0,1,0,1,1
1442,1,0,0,0,1,0,1,1
1443,1,0,0,1,1,0,1,1
1444,1,0,0,0,1,0,1,1
1445,1,0,0,0,1,0,1,1
1446,1,0,0,0,1,0,1,1
1447,1,0,0,0,1,0,1,1
1448,1,0,0,0,1,0,1,1
1449,1,0,0,0,1,0,1,1
1450,1,0,0,0,1,0,1,1
1451,1,1,0,1,1,0,1,0
1452,0,1,0,1,0,0,0,0
1453,0,1,0,1,0,0,0,0
1454,0,1,0,0,0,0,0,0
1455,0,1,0,0,0,0,0,0
1456,0,1,0,0,0,0,0,1
1457,1,1,0,0,1,0,1,1
1458,1,1,0,0,1,0,1,1
1459,0,1,0,0,1,0,1,1
1460,0,1,0,0,1,0,1,1
1461,1,1,0,0,1,0,1,1
1462,1,1,0,0,1,0,1,1
1463,0,1,0,0,1,0,0,0
1464,0,1,0,0,1,0,0,0
1465,0,1,0,0,1,0,0,0
1466,0,1,0,0,1,0,0,0
1467,0,1,0,0,1,0,0,0
1468,0,1,1,1,1,0,0,0
1469,1,1,1,1,1,0,1,1
1470,0,1,1,1,1,0,0,0
1471,0,0,1,1,1,0,0,0
1472,0,1,0,0,1,0,0,0
1473,0,1,0,0,1,0,0,0
1474,0,1,0,0,1,0,0,0
1475,0,1,0,0,1,0,0,0
1476,0,1,0,1,0,0,0,0
1477,0,1,0,1,0,0,0,0
1478,0,1,0,0,1,0,0,0
1479,0,1,0,0,1,0,0,0
1480,0,1,0,0,1,0,0,0
1481,0,1,0,0,1,0,0,0
1482,1,1,0,0,1,0,1,0
1483,1,1,0,0,1,0,1,1
1484,1,0,0,0,1,0,0,1
1485,1,0,0,0,1,0,1,1
1486,1,1,0,0,1,0,1,1
1487,0,1,0,0,1,0,0,0
1488,1,1,0,0,1,0,0,0
1489,0,1,0,0,1,0,0,0
1490,0,0,1,0,0,0,0,0
1491,0,0,0,0,0,0,0,0
1492,0,1,0,0,0,0,0,0
1493,0,1,0,0,1,0,0,1
1494,0,1,0,0,1,0,0,1
1495,0,1,0,0,1,0,0,1
1496,0,1,0,0,1,0,0,1
1497,0,1,0,0,1,0,0,1
1498,0,1,0,0,1,0,0,0
1499,0,1,0,0,1,0,0,0
1500,1,1,0,0,1,0,1,1
1501,1,0,0,0,1,0,1,1
1502,0,0,0,1,1,0,0,1
1503,0,0,0,1,1,0,0,1
1504,0,0,0,1,1,0,0,1
1505,0,0,0,1,1,0,0,1
1506,0,0,0,0,1,0,0,1
1507,0,0,0,0,1,0,0,1
1508,0,1,0,0,0,0,0,1
1509,0,1,0,1,1,0,0,1
1510,0,1,0,1,1,0,0,1
1511,0,1,0,1,1,0,0,1
1512,0,1,1,1,1,0,0,1
1513,0,1,1,1,1,0,0,1
1514,0,1,1,1,1,0,0,1
1515,0,1,1,1,1,0,0,1
1516,1,1,1,1,1,0,1,1
1517,1,1,0,0,1,0,1,1
1518,0,1,0,0,1,0,0,1
1519,0,1,0,0,0,0,0,0
1520,0,1,0,1,0,0,0,0
1521,0,0,0,1,0,0,0,0
1522,0,1,0,0,1,0,0,1
1523,0,1,0,0,1,0,0,1
1524,0,1,0,0,1,0,0,1
1525,0,1,0,0,1,0,0,0
1526,0,1,0,0,1,0,1,1
1527,0,1,0,0,1,0,1,1
1528,0,1,0,0,1,0,1,1
1529,0,1,0,0,1,0,1,1
1530,0,1,0,0,1,0,1,1
1531,0,1,0,0,1,0,1,1
1532,0,1,0,0,1,0,1,1
1533,0,1,0,0,1,0,1,1
1534,0,1,0,0,1,0,1,1
1535,0,1,0,0,1,0,1,1
1536,0,1,0,0,1,0,0,1
1537,0,1,0,0,1,0,0,1
1538,0,1,0,0,1,0,0,0
1539,0,1,0,0,1,0,0,0
1540,0,1,0,0,1,0,0,0
1541,0,1,0,0,1,0,0,0
1542,0,1,0,0,1,0,0,0
1543,0,1,0,1,1,0,0,0
1544,0,1,0,1,1,0,1,0
1545,0,1,0,0,1,0,1,0
1546,0,1,0,0,1,0,0,0
1547,0,1,0,0,1,0,0,0
1548,0,1,0,0,0,0,0,0
1549,0,1,0,0,0,0,0,0
1550,0,1,0,0,0,0,0,0
1551,0,0,0,0,0,0,0,0
1552,0,1,0,0,1,0,0,0
1553,0,1,0,0,1,0,0,0
1554,0,1,0,0,1,0,0,1
1555,0,1,0,0,1,0,0,0
1556,0,1,0,0,1,0,0,0
1557,1,0,0,0,1,0,1,1
1558,1,0,0,0,1,0,1,1
1559,1,1,0,0,1,0,1,1
1560,1,1,0,0,1,0,1,1
1561,0,1,0,0,1,0,1,1
1562,0,1,1,0,1,0,0,0
1563,0,0,1,0,1,0,0,0
1564,0,1,1,0,1,0,0,0
1565,0,1,1,0,1,0,0,1
1566,1,1,1,0,1,0,1,1
1567,1,1,0,0,1,0,1,1
1568,1,1,0,0,1,0,1,1
1569,0,1,0,0,1,0,0,0
1570,0,1,0,0,1,0,0,0
1571,0,1,0,0,0,0,0,0
1572,0,1,0,0,0,0,0,0
1573,0,1,0,0,0,0,0,0
1574,0,1,0,0,1,0,0,0
1575,0,1,0,0,1,0,0,0
1576,0,1,0,0,1,0,0,0
1577,0,1,0,0,0,0,0,0
1578,0,1,0,0,0,0,0,0
1579,0,1,0,0,0,0,0,0
1580,0,1,0,0,0,0,0,0
1581,0,1,0,0,1,0,0,0
1582,1,1,0,0,1,0,1,1
1583,1,1,0,0,1,0,1,1
1584,0,0,0,0,0,0,0,0
1585,0,1,0,0,1,0,0,0
1586,0,1,0,0,1,0,0,0
1587,0,1,0,0,1,0,0,0
1588,1,1,1,0,1,0,1,0
1589,1,1,1,0,1,0,1,0
1590,0,0,1,0,1,0,0,0
1591,1,0,1,0,1,0,1,1
1592,0,1,1,0,1,0,1,1
1593,0,1,0,0,0,0,0,0
1594,0,1,1,0,0,0,0,0
1595,0,0,1,0,1,0,0,0
1596,0,0,1,0,0,0,0,0
1597,0,1,0,0,0,0,0,0
1598,0,1,0,0,0,0,0,0
1599,0,1,0,0,0,0,0,0
1600,1,0,0,0,1,0,1,1
1601,0,0,0,0,1,0,0,1
1602,0,0,0,0,1,0,0,1
1603,0,1,0,0,0,0,0,0
1604,0,1,0,0,0,0,0,0
1605,0,0,0,0,0,0,0,0
1606,0,0,0,0,0,0,0,0
1607,0,0,0,0,0,0,0,0
1608,0,0,0,0,0,0,0,0
1609,0,0,0,0,0,0,0,0
1610,0,0,0,0,0,0,0,0
1611,0,0,0,0,0,0,0,0
1612,0,0,0,0,0,0,0,0
1613,0,0,0,0,0,0,0,0
