durativity,telicity,iterativity,predictability
0,0.0,0.0,0.0,0.0
1,0.0,0.0,0.0,0.0
2,0.0,0.0,0.0,0.0
3,0.0,0.0,0.0,0.0
4,0.0,0.0,0.0,0.0
5,0.0,0.0,0.0,0.0
6,0.044267849686420536,0.0,0.044267849686420536,0.0
7,0.4879095679700409,0.044267849686420536,0.4879095679700409,0.044267849686420536
8,0.8624538712633025,0.4879095679700409,0.8624538712633025,0.4879095679700409
9,0.9330178606293357,0.8624538712633025,0.9330178606293357,0.8624538712633025
10,0.5095865196534273,0.9772857103157562,0.5095865196534273,0.9772857103157562
11,0.1818139784231179,0.9974960876234682,0.1818139784231179,0.9974960876234682
12,0.5106238576542848,0.9557321503135794,0.5106238576542848,1.0
13,0.8649577836398343,0.5120904320299591,0.8649577836398343,1.0
14,0.9330178606293357,0.13754612873669733,0.9330178606293357,0.9557321503135794
15,0.5095865196534273,0.02271428968424385,0.5095865196534273,0.5120904320299591
16,0.13754612873669733,0.002503912376531775,0.13754612873669733,0.13754612873669733
17,0.06698213937066438,0.0,0.06698213937066438,0.02271428968424385
18,0.4904134803465727,0.0,0.4904134803465727,0.002503912376531775
19,0.8624538712633025,0.044267849686420536,0.8624538712633025,0.044267849686420536
20,0.9772857103157562,0.4879095679700409,0.9330178606293357,0.4879095679700409
21,0.9532282379370476,0.8624538712633025,0.5095865196534273,0.8624538712633025
22,0.5120904320299591,0.9772857103157562,0.13754612873669733,0.9330178606293357
23,0.13754612873669733,0.9974960876234682,0.02271428968424385,0.5095865196534273
24,0.02271428968424385,1.0,0.002503912376531775,0.1818139784231179
25,0.04677176206295231,1.0,0.044267849686420536,0.5106238576542848
26,0.4879095679700409,1.0,0.4436417182836204,0.8206899339534138
27,0.8624538712633025,1.0,0.37454430329326166,0.5336439920321356
28,0.9772857103157562,1.0,0.1148318390524535,0.6229517843302066
29,0.9974960876234682,1.0,0.02021037730771208,0.8851681609475466
30,1.0,0.9557321503135794,0.04677176206295231,0.979789622692288
31,1.0,0.5120904320299591,0.4879095679700409,0.9974960876234682
32,1.0,0.13754612873669733,0.8624538712633025,1.0
33,1.0,0.02271428968424385,0.9772857103157562,1.0
34,1.0,0.04677176206295231,0.9974960876234682,1.0
35,0.9557321503135794,0.4879095679700409,0.9557321503135794,1.0
36,0.5120904320299591,0.8624538712633025,0.5120904320299591,0.9557321503135794
37,0.13754612873669733,0.9772857103157562,0.13754612873669733,0.5120904320299591
38,0.02271428968424385,0.9532282379370476,0.02271428968424385,0.13754612873669733
39,0.04677176206295231,0.5120904320299591,0.04677176206295231,0.06698213937066438
40,0.4879095679700409,0.1818139784231179,0.4879095679700409,0.4904134803465727
41,0.8624538712633025,0.5106238576542848,0.8624538712633025,0.8624538712633025
42,0.9330178606293357,0.8649577836398343,0.9330178606293357,0.9772857103157562
43,0.5095865196534273,0.9772857103157562,0.5095865196534273,0.9974960876234682
44,0.1818139784231179,0.9974960876234682,0.1818139784231179,1.0
45,0.5106238576542848,1.0,0.5106238576542848,1.0
46,0.8649577836398343,1.0,0.8649577836398343,1.0
47,0.9330178606293357,1.0,0.9330178606293357,1.0
48,0.5538543693398478,1.0,0.5538543693398478,1.0
49,0.6254556967067384,1.0,0.6254556967067384,1.0
50,0.840900311261126,1.0,0.840900311261126,0.9557321503135794
51,0.49188005472224694,1.0,0.49188005472224694,0.5563582817163797
52,0.13504221636016558,0.9557321503135794,0.13504221636016558,0.5811878470203178
53,0.06698213937066438,0.5120904320299591,0.02271428968424385,0.44152644266392604
54,0.4904134803465727,0.13754612873669733,0.04677176206295231,0.5609774697126056
55,0.8624538712633025,0.02271428968424385,0.4879095679700409,0.4390225302873943
56,0.9772857103157562,0.002503912376531775,0.8624538712633025,0.6052453193990261
57,0.9974960876234682,0.044267849686420536,0.9772857103157562,0.8826642485710148
58,1.0,0.4879095679700409,0.9532282379370476,0.979789622692288
59,1.0,0.8624538712633025,0.5120904320299591,0.9974960876234682
60,1.0,0.9772857103157562,0.13754612873669733,1.0
61,1.0,0.9974960876234682,0.02271428968424385,1.0
62,1.0,1.0,0.002503912376531775,1.0
63,1.0,0.9557321503135794,0.0,1.0
64,1.0,0.5120904320299591,0.0,1.0
65,1.0,0.13754612873669733,0.0,1.0
66,1.0,0.02271428968424385,0.044267849686420536,1.0
67,1.0,0.002503912376531775,0.4879095679700409,1.0
68,1.0,0.0,0.8624538712633025,1.0
69,1.0,0.044267849686420536,0.9772857103157562,1.0
70,1.0,0.4879095679700409,0.9532282379370476,1.0
71,1.0,0.8624538712633025,0.5120904320299591,0.9557321503135794
72,1.0,0.9330178606293357,0.13754612873669733,0.5563582817163797
73,1.0,0.5095865196534273,0.02271428968424385,0.6254556967067384
74,1.0,0.1818139784231179,0.002503912376531775,0.8851681609475466
75,0.9557321503135794,0.5106238576542848,0.0,0.9355217730058675
76,0.5120904320299591,0.8206899339534138,0.0,0.5095865196534273
77,0.1818139784231179,0.48937614234571514,0.044267849686420536,0.1818139784231179
78,0.5106238576542848,0.13504221636016558,0.4879095679700409,0.5106238576542848
79,0.8649577836398343,0.02271428968424385,0.8624538712633025,0.8649577836398343
80,0.9772857103157562,0.002503912376531775,0.9772857103157562,0.9772857103157562
81,0.9974960876234682,0.0,0.9974960876234682,0.9974960876234682
82,1.0,0.0,0.9557321503135794,0.9557321503135794
83,1.0,0.044267849686420536,0.5120904320299591,0.5563582817163797
84,0.9557321503135794,0.4879095679700409,0.13754612873669733,0.6254556967067384
85,0.5563582817163797,0.8181860215768821,0.06698213937066438,0.8851681609475466
86,0.6254556967067384,0.48937614234571514,0.4904134803465727,0.979789622692288
87,0.8851681609475466,0.13504221636016558,0.8624538712633025,0.9974960876234682
88,0.979789622692288,0.02271428968424385,0.9772857103157562,1.0
89,0.9974960876234682,0.002503912376531775,0.9532282379370476,1.0
90,1.0,0.0,0.5563582817163797,1.0
91,1.0,0.0,0.6254556967067384,1.0
92,1.0,0.0,0.8851681609475466,1.0
93,1.0,0.0,0.979789622692288,1.0
94,1.0,0.044267849686420536,0.9532282379370476,1.0
95,1.0,0.4879095679700409,0.5120904320299591,0.9557321503135794
96,1.0,0.8624538712633025,0.1818139784231179,0.5120904320299591
97,1.0,0.9330178606293357,0.5106238576542848,0.1818139784231179
98,1.0,0.5095865196534273,0.8206899339534138,0.5106238576542848
99,1.0,0.13754612873669733,0.48937614234571514,0.8649577836398343
100,1.0,0.02271428968424385,0.13504221636016558,0.9772857103157562
101,1.0,0.002503912376531775,0.02271428968424385,0.9974960876234682
102,1.0,0.044267849686420536,0.002503912376531775,1.0
103,1.0,0.4436417182836204,0.0,1.0
104,1.0,0.4188121529796822,0.0,1.0
105,1.0,0.6027414070224943,0.044267849686420536,1.0
106,1.0,0.8383963988845942,0.4879095679700409,1.0
107,1.0,0.49188005472224694,0.8624538712633025,1.0
108,1.0,0.13504221636016558,0.9772857103157562,1.0
109,1.0,0.02271428968424385,0.9974960876234682,1.0
110,1.0,0.002503912376531775,1.0,1.0
111,1.0,0.0,1.0,1.0
112,1.0,0.0,1.0,1.0
113,1.0,0.0,1.0,0.9557321503135794
114,1.0,0.0,1.0,0.5120904320299591
115,1.0,0.0,1.0,0.13754612873669733
116,0.9557321503135794,0.0,0.9557321503135794,0.02271428968424385
117,0.5563582817163797,0.044267849686420536,0.5563582817163797,0.04677176206295231
118,0.6254556967067384,0.4879095679700409,0.6254556967067384,0.4879095679700409
119,0.8851681609475466,0.8624538712633025,0.840900311261126,0.8624538712633025
120,0.979789622692288,0.9772857103157562,0.49188005472224694,0.9772857103157562
121,0.9532282379370476,0.9974960876234682,0.13504221636016558,0.9532282379370476
122,0.5120904320299591,1.0,0.02271428968424385,0.5120904320299591
123,0.1818139784231179,1.0,0.002503912376531775,0.1818139784231179
124,0.46635600796786425,1.0,0.0,0.5106238576542848
125,0.42131606535621396,1.0,0.044267849686420536,0.8649577836398343
126,0.6027414070224943,0.9557321503135794,0.4879095679700409,0.9772857103157562
127,0.8826642485710148,0.5563582817163797,0.8624538712633025,0.9974960876234682
128,0.979789622692288,0.6254556967067384,0.9772857103157562,1.0
129,0.9974960876234682,0.8851681609475466,0.9974960876234682,1.0
130,1.0,0.9355217730058675,1.0,0.9557321503135794
131,1.0,0.5095865196534273,1.0,0.5120904320299591
132,1.0,0.1818139784231179,1.0,0.13754612873669733
133,1.0,0.5106238576542848,1.0,0.02271428968424385
134,1.0,0.8649577836398343,1.0,0.002503912376531775
135,1.0,0.9330178606293357,1.0,0.0
136,1.0,0.5095865196534273,1.0,0.0
137,1.0,0.13754612873669733,1.0,0.0
138,1.0,0.02271428968424385,1.0,0.044267849686420536
139,1.0,0.002503912376531775,1.0,0.4879095679700409
140,1.0,0.0,1.0,0.8624538712633025
141,1.0,0.0,1.0,0.9330178606293357
142,1.0,0.0,1.0,0.5095865196534273
143,1.0,0.0,0.9557321503135794,0.13754612873669733
144,1.0,0.044267849686420536,0.5120904320299591,0.02271428968424385
145,1.0,0.4879095679700409,0.13754612873669733,0.04677176206295231
146,1.0,0.8624538712633025,0.02271428968424385,0.4879095679700409
147,1.0,0.9772857103157562,0.002503912376531775,0.8624538712633025
148,0.9557321503135794,0.9974960876234682,0.0,0.9330178606293357
149,0.5120904320299591,1.0,0.0,0.5095865196534273
150,0.13754612873669733,1.0,0.0,0.13754612873669733
151,0.02271428968424385,1.0,0.0,0.02271428968424385
152,0.04677176206295231,0.9557321503135794,0.0,0.002503912376531775
153,0.4879095679700409,0.5120904320299591,0.0,0.0
154,0.8624538712633025,0.1818139784231179,0.0,0.044267849686420536
155,0.9772857103157562,0.5106238576542848,0.0,0.4879095679700409
156,0.9974960876234682,0.8649577836398343,0.0,0.8624538712633025
157,1.0,0.9772857103157562,0.0,0.9772857103157562
158,1.0,0.9974960876234682,0.0,0.9974960876234682
159,1.0,0.9557321503135794,0.0,1.0
160,1.0,0.5563582817163797,0.0,1.0
161,1.0,0.5811878470203178,0.0,1.0
162,1.0,0.39725859297750554,0.0,1.0
163,1.0,0.11733575142898527,0.0,1.0
164,1.0,0.02021037730771208,0.0,1.0
165,1.0,0.002503912376531775,0.0,1.0
166,1.0,0.0,0.0,1.0
167,1.0,0.0,0.044267849686420536,1.0
168,1.0,0.0,0.4879095679700409,1.0
169,1.0,0.044267849686420536,0.8624538712633025,1.0
170,1.0,0.4879095679700409,0.9772857103157562,1.0
171,1.0,0.8624538712633025,0.9974960876234682,1.0
172,1.0,0.9772857103157562,0.9557321503135794,1.0
173,1.0,0.9532282379370476,0.5120904320299591,1.0
174,1.0,0.5120904320299591,0.13754612873669733,1.0
175,1.0,0.1818139784231179,0.02271428968424385,1.0
176,1.0,0.5106238576542848,0.002503912376531775,1.0
177,1.0,0.8649577836398343,0.0,1.0
178,1.0,0.9772857103157562,0.0,1.0
179,1.0,0.9974960876234682,0.044267849686420536,1.0
180,1.0,0.9557321503135794,0.4879095679700409,1.0
181,1.0,0.5120904320299591,0.8624538712633025,1.0
182,1.0,0.13754612873669733,0.9772857103157562,1.0
183,1.0,0.06698213937066438,0.9532282379370476,1.0
184,1.0,0.4904134803465727,0.5120904320299591,1.0
185,1.0,0.8624538712633025,0.13754612873669733,1.0
186,1.0,0.9772857103157562,0.06698213937066438,1.0
187,1.0,0.9974960876234682,0.4904134803465727,1.0
188,1.0,1.0,0.8624538712633025,1.0
189,1.0,1.0,0.9330178606293357,1.0
190,1.0,1.0,0.5538543693398478,1.0
191,1.0,1.0,0.6254556967067384,1.0
192,1.0,0.9557321503135794,0.840900311261126,0.9557321503135794
193,1.0,0.5563582817163797,0.49188005472224694,0.5563582817163797
194,1.0,0.6254556967067384,0.13504221636016558,0.6254556967067384
195,1.0,0.8851681609475466,0.02271428968424385,0.8851681609475466
196,1.0,0.979789622692288,0.002503912376531775,0.979789622692288
197,1.0,0.9974960876234682,0.0,0.9974960876234682
198,1.0,1.0,0.0,1.0
199,1.0,1.0,0.0,1.0
200,1.0,1.0,0.0,1.0
201,1.0,1.0,0.0,1.0
202,1.0,1.0,0.0,1.0
203,1.0,1.0,0.044267849686420536,1.0
204,1.0,0.9557321503135794,0.4436417182836204,1.0
205,1.0,0.5120904320299591,0.37454430329326166,1.0
206,1.0,0.13754612873669733,0.1148318390524535,1.0
207,1.0,0.02271428968424385,0.02021037730771208,1.0
208,1.0,0.04677176206295231,0.002503912376531775,1.0
209,1.0,0.4879095679700409,0.0,1.0
210,1.0,0.8624538712633025,0.0,1.0
211,1.0,0.9772857103157562,0.0,1.0
212,1.0,0.9974960876234682,0.0,1.0
213,1.0,0.9557321503135794,0.0,1.0
214,1.0,0.5120904320299591,0.0,1.0
215,1.0,0.13754612873669733,0.0,1.0
216,1.0,0.02271428968424385,0.0,1.0
217,1.0,0.002503912376531775,0.0,1.0
218,1.0,0.0,0.0,1.0
219,1.0,0.0,0.0,1.0
220,1.0,0.0,0.0,1.0
221,1.0,0.0,0.0,1.0
222,1.0,0.044267849686420536,0.0,1.0
223,1.0,0.4879095679700409,0.0,1.0
224,1.0,0.8181860215768821,0.0,1.0
225,1.0,0.5336439920321356,0.0,1.0
226,1.0,0.6229517843302066,0.0,1.0
227,1.0,0.840900311261126,0.044267849686420536,1.0
228,1.0,0.49188005472224694,0.4879095679700409,0.9557321503135794
229,1.0,0.13504221636016558,0.8624538712633025,0.5563582817163797
230,0.9557321503135794,0.02271428968424385,0.9330178606293357,0.5811878470203178
231,0.5563582817163797,0.04677176206295231,0.5095865196534273,0.44152644266392604
232,0.6254556967067384,0.4879095679700409,0.13754612873669733,0.6052453193990261
233,0.8851681609475466,0.8624538712633025,0.02271428968424385,0.8826642485710148
234,0.979789622692288,0.9772857103157562,0.002503912376531775,0.979789622692288
235,0.9974960876234682,0.9974960876234682,0.044267849686420536,0.9974960876234682
236,1.0,1.0,0.4436417182836204,1.0
237,1.0,0.9557321503135794,0.37454430329326166,1.0
238,1.0,0.5563582817163797,0.1148318390524535,1.0
239,1.0,0.6254556967067384,0.02021037730771208,1.0
240,1.0,0.840900311261126,0.002503912376531775,1.0
241,1.0,0.5361479044086674,0.0,1.0
242,1.0,0.6229517843302066,0.0,1.0
243,1.0,0.8851681609475466,0.0,1.0
244,1.0,0.9355217730058675,0.0,1.0
245,1.0,0.5095865196534273,0.0,1.0
246,1.0,0.13754612873669733,0.0,1.0
247,1.0,0.02271428968424385,0.0,1.0
248,1.0,0.002503912376531775,0.0,1.0
249,1.0,0.0,0.0,1.0
250,1.0,0.0,0.0,1.0
251,1.0,0.0,0.0,1.0
252,1.0,0.044267849686420536,0.0,1.0
253,1.0,0.4879095679700409,0.0,1.0
254,1.0,0.8624538712633025,0.0,1.0
255,1.0,0.9772857103157562,0.0,1.0
256,1.0,0.9532282379370476,0.0,0.9557321503135794
257,1.0,0.5120904320299591,0.0,0.5120904320299591
258,1.0,0.13754612873669733,0.0,0.1818139784231179
259,1.0,0.02271428968424385,0.0,0.5106238576542848
260,1.0,0.002503912376531775,0.0,0.8649577836398343
261,1.0,0.0,0.0,0.9330178606293357
262,1.0,0.0,0.0,0.5095865196534273
263,1.0,0.0,0.0,0.13754612873669733
264,1.0,0.0,0.044267849686420536,0.02271428968424385
265,1.0,0.0,0.4879095679700409,0.002503912376531775
266,1.0,0.0,0.8624538712633025,0.0
267,1.0,0.0,0.9772857103157562,0.0
268,0.9557321503135794,0.0,0.9974960876234682,0.0
269,0.5120904320299591,0.0,1.0,0.0
270,0.13754612873669733,0.0,1.0,0.0
271,0.02271428968424385,0.0,1.0,0.0
272,0.04677176206295231,0.0,1.0,0.0
273,0.4436417182836204,0.044267849686420536,0.9557321503135794,0.0
274,0.4188121529796822,0.4879095679700409,0.5563582817163797,0.0
275,0.6027414070224943,0.8181860215768821,0.6254556967067384,0.0
276,0.8826642485710148,0.48937614234571514,0.8851681609475466,0.0
277,0.979789622692288,0.13504221636016558,0.979789622692288,0.0
278,0.9974960876234682,0.02271428968424385,0.9974960876234682,0.0
279,1.0,0.002503912376531775,1.0,0.0
280,1.0,0.0,1.0,0.0
281,1.0,0.0,1.0,0.0
282,1.0,0.044267849686420536,1.0,0.0
283,1.0,0.4879095679700409,1.0,0.0
284,1.0,0.8624538712633025,1.0,0.0
285,1.0,0.9772857103157562,1.0,0.0
286,1.0,0.9974960876234682,1.0,0.0
287,1.0,1.0,1.0,0.0
288,1.0,1.0,1.0,0.044267849686420536
289,1.0,0.9557321503135794,1.0,0.4879095679700409
290,1.0,0.5120904320299591,1.0,0.8624538712633025
291,1.0,0.13754612873669733,1.0,0.9772857103157562
292,1.0,0.02271428968424385,1.0,0.9974960876234682
293,1.0,0.002503912376531775,1.0,1.0
294,1.0,0.044267849686420536,1.0,1.0
295,1.0,0.4436417182836204,1.0,1.0
296,1.0,0.4188121529796822,1.0,1.0
297,1.0,0.6027414070224943,1.0,1.0
298,1.0,0.8826642485710148,1.0,1.0
299,1.0,0.979789622692288,1.0,1.0
300,1.0,0.9974960876234682,1.0,1.0
301,1.0,1.0,1.0,1.0
302,1.0,0.9557321503135794,1.0,1.0
303,1.0,0.5120904320299591,1.0,1.0
304,1.0,0.13754612873669733,1.0,1.0
305,1.0,0.02271428968424385,1.0,1.0
306,1.0,0.002503912376531775,1.0,1.0
307,1.0,0.0,1.0,1.0
308,1.0,0.0,1.0,1.0
309,1.0,0.0,1.0,1.0
310,1.0,0.0,1.0,1.0
311,1.0,0.0,1.0,1.0
312,1.0,0.044267849686420536,1.0,1.0
313,1.0,0.4879095679700409,1.0,1.0
314,1.0,0.8181860215768821,1.0,1.0
315,1.0,0.48937614234571514,1.0,1.0
316,1.0,0.13504221636016558,1.0,1.0
317,1.0,0.02271428968424385,1.0,1.0
318,1.0,0.002503912376531775,1.0,1.0
319,1.0,0.0,1.0,1.0
320,1.0,0.0,0.9557321503135794,1.0
321,0.9557321503135794,0.0,0.5120904320299591,0.9557321503135794
322,0.5563582817163797,0.0,0.1818139784231179,0.5120904320299591
323,0.6254556967067384,0.044267849686420536,0.5106238576542848,0.1818139784231179
324,0.8851681609475466,0.4879095679700409,0.8649577836398343,0.5106238576542848
325,0.979789622692288,0.8624538712633025,0.9772857103157562,0.8649577836398343
326,0.9974960876234682,0.9772857103157562,0.9974960876234682,0.9772857103157562
327,1.0,0.9532282379370476,1.0,0.9974960876234682
328,1.0,0.5563582817163797,1.0,1.0
329,1.0,0.6254556967067384,1.0,1.0
330,1.0,0.8851681609475466,1.0,1.0
331,1.0,0.979789622692288,1.0,1.0
332,1.0,0.9532282379370476,1.0,0.9557321503135794
333,1.0,0.5120904320299591,1.0,0.5120904320299591
334,1.0,0.13754612873669733,1.0,0.13754612873669733
335,1.0,0.02271428968424385,1.0,0.02271428968424385
336,1.0,0.002503912376531775,1.0,0.002503912376531775
337,1.0,0.0,1.0,0.0
338,1.0,0.0,1.0,0.0
339,1.0,0.044267849686420536,1.0,0.044267849686420536
340,1.0,0.4879095679700409,1.0,0.4879095679700409
341,1.0,0.8624538712633025,1.0,0.8624538712633025
342,1.0,0.9772857103157562,1.0,0.9772857103157562
343,1.0,0.9974960876234682,1.0,0.9974960876234682
344,1.0,0.9557321503135794,1.0,0.9557321503135794
345,1.0,0.5563582817163797,1.0,0.5563582817163797
346,1.0,0.6254556967067384,1.0,0.6254556967067384
347,1.0,0.8851681609475466,1.0,0.8851681609475466
348,1.0,0.9355217730058675,1.0,0.979789622692288
349,1.0,0.5538543693398478,1.0,0.9974960876234682
350,1.0,0.6254556967067384,1.0,0.9557321503135794
351,1.0,0.840900311261126,1.0,0.5120904320299591
352,1.0,0.49188005472224694,0.9557321503135794,0.1818139784231179
353,1.0,0.13504221636016558,0.5120904320299591,0.5106238576542848
354,1.0,0.02271428968424385,0.1818139784231179,0.8649577836398343
355,1.0,0.002503912376531775,0.5106238576542848,0.9772857103157562
356,1.0,0.0,0.8649577836398343,0.9974960876234682
357,1.0,0.044267849686420536,0.9772857103157562,1.0
358,1.0,0.4879095679700409,0.9974960876234682,1.0
359,1.0,0.8624538712633025,0.9557321503135794,1.0
360,1.0,0.9772857103157562,0.5120904320299591,0.9557321503135794
361,1.0,0.9974960876234682,0.1818139784231179,0.5563582817163797
362,1.0,1.0,0.5106238576542848,0.6254556967067384
363,1.0,1.0,0.8649577836398343,0.8851681609475466
364,1.0,1.0,0.9772857103157562,0.979789622692288
365,1.0,0.9557321503135794,0.9974960876234682,0.9974960876234682
366,1.0,0.5120904320299591,1.0,1.0
367,1.0,0.13754612873669733,1.0,1.0
368,1.0,0.06698213937066438,1.0,1.0
369,1.0,0.4904134803465727,0.9557321503135794,1.0
370,1.0,0.8181860215768821,0.5120904320299591,0.9557321503135794
371,1.0,0.5336439920321356,0.1818139784231179,0.5120904320299591
372,1.0,0.578683934643786,0.5106238576542848,0.13754612873669733
373,1.0,0.44152644266392604,0.8206899339534138,0.06698213937066438
374,1.0,0.5609774697126056,0.48937614234571514,0.4904134803465727
375,1.0,0.39475468060097374,0.13504221636016558,0.8181860215768821
376,1.0,0.1616036011154058,0.02271428968424385,0.48937614234571514
377,1.0,0.5081199452777531,0.002503912376531775,0.13504221636016558
378,1.0,0.8206899339534138,0.0,0.02271428968424385
379,1.0,0.5336439920321356,0.044267849686420536,0.002503912376531775
380,1.0,0.6229517843302066,0.4879095679700409,0.0
381,1.0,0.840900311261126,0.8624538712633025,0.0
382,1.0,0.5361479044086674,0.9772857103157562,0.0
383,1.0,0.6229517843302066,0.9974960876234682,0.0
384,1.0,0.8851681609475466,0.9557321503135794,0.0
385,1.0,0.9355217730058675,0.5563582817163797,0.0
386,1.0,0.5538543693398478,0.6254556967067384,0.044267849686420536
387,1.0,0.6254556967067384,0.8851681609475466,0.4879095679700409
388,1.0,0.8851681609475466,0.979789622692288,0.8624538712633025
389,1.0,0.979789622692288,0.9974960876234682,0.9772857103157562
390,1.0,0.9974960876234682,0.9557321503135794,0.9974960876234682
391,1.0,1.0,0.5120904320299591,1.0
392,1.0,1.0,0.13754612873669733,1.0
393,1.0,1.0,0.02271428968424385,1.0
394,1.0,0.9557321503135794,0.002503912376531775,1.0
395,1.0,0.5563582817163797,0.0,1.0
396,1.0,0.5811878470203178,0.044267849686420536,1.0
397,1.0,0.39725859297750554,0.4436417182836204,1.0
398,1.0,0.11733575142898527,0.37454430329326166,1.0
399,1.0,0.02021037730771208,0.1148318390524535,1.0
400,1.0,0.002503912376531775,0.02021037730771208,1.0
401,1.0,0.0,0.002503912376531775,1.0
402,1.0,0.0,0.0,1.0
403,1.0,0.0,0.0,1.0
404,1.0,0.0,0.0,1.0
405,1.0,0.0,0.0,1.0
406,1.0,0.0,0.0,1.0
407,1.0,0.0,0.0,1.0
408,1.0,0.0,0.0,1.0
409,1.0,0.0,0.0,1.0
410,1.0,0.0,0.0,1.0
411,1.0,0.044267849686420536,0.044267849686420536,1.0
412,1.0,0.4879095679700409,0.4436417182836204,1.0
413,1.0,0.8624538712633025,0.37454430329326166,1.0
414,1.0,0.9330178606293357,0.1148318390524535,1.0
415,1.0,0.5095865196534273,0.02021037730771208,1.0
416,1.0,0.13754612873669733,0.002503912376531775,1.0
417,1.0,0.02271428968424385,0.0,1.0
418,1.0,0.002503912376531775,0.0,1.0
419,1.0,0.0,0.0,1.0
420,1.0,0.0,0.0,1.0
421,1.0,0.044267849686420536,0.0,1.0
422,0.9557321503135794,0.4879095679700409,0.0,0.9557321503135794
423,0.5563582817163797,0.8624538712633025,0.0,0.5120904320299591
424,0.6254556967067384,0.9330178606293357,0.0,0.13754612873669733
425,0.8851681609475466,0.5095865196534273,0.0,0.06698213937066438
426,0.979789622692288,0.13754612873669733,0.0,0.44614563066015217
427,0.9974960876234682,0.06698213937066438,0.0,0.37454430329326166
428,1.0,0.4904134803465727,0.0,0.1148318390524535
429,1.0,0.8181860215768821,0.044267849686420536,0.02021037730771208
430,1.0,0.5336439920321356,0.4879095679700409,0.04677176206295231
431,1.0,0.6229517843302066,0.8624538712633025,0.4879095679700409
432,1.0,0.840900311261126,0.9772857103157562,0.8624538712633025
433,1.0,0.5361479044086674,0.9974960876234682,0.9772857103157562
434,1.0,0.6229517843302066,1.0,0.9974960876234682
435,1.0,0.840900311261126,1.0,1.0
436,1.0,0.49188005472224694,1.0,1.0
437,1.0,0.13504221636016558,1.0,1.0
438,1.0,0.02271428968424385,0.9557321503135794,1.0
439,1.0,0.04677176206295231,0.5120904320299591,1.0
440,1.0,0.4879095679700409,0.13754612873669733,0.9557321503135794
441,1.0,0.8181860215768821,0.02271428968424385,0.5563582817163797
442,1.0,0.48937614234571514,0.04677176206295231,0.6254556967067384
443,1.0,0.13504221636016558,0.4879095679700409,0.8851681609475466
444,1.0,0.02271428968424385,0.8624538712633025,0.979789622692288
445,1.0,0.002503912376531775,0.9330178606293357,0.9532282379370476
446,1.0,0.0,0.5538543693398478,0.5120904320299591
447,1.0,0.0,0.6254556967067384,0.13754612873669733
448,1.0,0.0,0.8851681609475466,0.02271428968424385
449,1.0,0.044267849686420536,0.979789622692288,0.002503912376531775
450,1.0,0.4879095679700409,0.9974960876234682,0.0
451,1.0,0.8624538712633025,1.0,0.0
452,1.0,0.9330178606293357,1.0,0.0
453,1.0,0.5538543693398478,1.0,0.0
454,1.0,0.6254556967067384,1.0,0.044267849686420536
455,1.0,0.8851681609475466,1.0,0.4879095679700409
456,1.0,0.9355217730058675,1.0,0.8624538712633025
457,1.0,0.5095865196534273,1.0,0.9772857103157562
458,1.0,0.13754612873669733,1.0,0.9974960876234682
459,1.0,0.02271428968424385,1.0,0.9557321503135794
460,1.0,0.002503912376531775,1.0,0.5120904320299591
461,1.0,0.0,1.0,0.13754612873669733
462,1.0,0.0,1.0,0.02271428968424385
463,1.0,0.0,1.0,0.002503912376531775
464,1.0,0.0,1.0,0.0
465,1.0,0.0,1.0,0.0
466,1.0,0.0,1.0,0.0
467,1.0,0.0,1.0,0.0
468,1.0,0.0,1.0,0.0
469,1.0,0.0,1.0,0.0
470,1.0,0.0,1.0,0.0
471,1.0,0.0,1.0,0.0
472,1.0,0.0,1.0,0.0
473,1.0,0.0,1.0,0.0
474,1.0,0.0,1.0,0.0
475,1.0,0.0,1.0,0.0
476,1.0,0.0,1.0,0.0
477,1.0,0.0,1.0,0.0
478,1.0,0.0,1.0,0.0
479,1.0,0.0,1.0,0.0
480,1.0,0.0,1.0,0.0
481,1.0,0.0,1.0,0.0
482,1.0,0.0,1.0,0.0
483,1.0,0.044267849686420536,1.0,0.0
484,1.0,0.4879095679700409,1.0,0.0
485,1.0,0.8624538712633025,1.0,0.0
486,1.0,0.9330178606293357,1.0,0.0
487,1.0,0.5095865196534273,1.0,0.0
488,1.0,0.1818139784231179,1.0,0.044267849686420536
489,1.0,0.5106238576542848,1.0,0.4879095679700409
490,0.9557321503135794,0.8649577836398343,0.9557321503135794,0.8624538712633025
491,0.5120904320299591,0.9772857103157562,0.5120904320299591,0.9772857103157562
492,0.13754612873669733,0.9532282379370476,0.13754612873669733,0.9532282379370476
493,0.02271428968424385,0.5120904320299591,0.02271428968424385,0.5120904320299591
494,0.002503912376531775,0.1818139784231179,0.002503912376531775,0.13754612873669733
495,0.0,0.5106238576542848,0.0,0.06698213937066438
496,0.0,0.8206899339534138,0.0,0.4904134803465727
497,0.0,0.48937614234571514,0.0,0.8181860215768821
498,0.044267849686420536,0.13504221636016558,0.0,0.48937614234571514
499,0.4879095679700409,0.02271428968424385,0.0,0.13504221636016558
500,0.8624538712633025,0.002503912376531775,0.0,0.02271428968424385
501,0.9772857103157562,0.0,0.044267849686420536,0.002503912376531775
502,0.9974960876234682,0.0,0.4879095679700409,0.0
503,1.0,0.0,0.8624538712633025,0.0
504,1.0,0.0,0.9772857103157562,0.0
505,1.0,0.0,0.9532282379370476,0.044267849686420536
506,1.0,0.0,0.5120904320299591,0.4879095679700409
507,1.0,0.0,0.13754612873669733,0.8624538712633025
508,1.0,0.044267849686420536,0.02271428968424385,0.9772857103157562
509,1.0,0.4436417182836204,0.002503912376531775,0.9974960876234682
510,1.0,0.37454430329326166,0.0,1.0
511,0.9557321503135794,0.15909968873887403,0.0,0.9557321503135794
512,0.5120904320299591,0.5081199452777531,0.0,0.5120904320299591
513,0.1818139784231179,0.8649577836398343,0.044267849686420536,0.13754612873669733
514,0.5106238576542848,0.9330178606293357,0.4879095679700409,0.02271428968424385
515,0.8649577836398343,0.5095865196534273,0.8624538712633025,0.002503912376531775
516,0.9772857103157562,0.13754612873669733,0.9330178606293357,0.0
517,0.9974960876234682,0.02271428968424385,0.5095865196534273,0.0
518,1.0,0.002503912376531775,0.13754612873669733,0.0
519,1.0,0.0,0.02271428968424385,0.0
520,1.0,0.044267849686420536,0.002503912376531775,0.0
521,1.0,0.4879095679700409,0.0,0.0
522,1.0,0.8624538712633025,0.0,0.0
523,0.9557321503135794,0.9772857103157562,0.0,0.0
524,0.5563582817163797,0.9532282379370476,0.0,0.044267849686420536
525,0.6254556967067384,0.5563582817163797,0.0,0.4879095679700409
526,0.8851681609475466,0.6254556967067384,0.0,0.8181860215768821
527,0.979789622692288,0.840900311261126,0.0,0.5336439920321356
528,0.9974960876234682,0.49188005472224694,0.0,0.6229517843302066
529,1.0,0.17931006604658611,0.0,0.8851681609475466
530,1.0,0.5106238576542848,0.0,0.979789622692288
531,1.0,0.8649577836398343,0.0,0.9532282379370476
532,1.0,0.9772857103157562,0.0,0.5563582817163797
533,1.0,0.9532282379370476,0.0,0.6254556967067384
534,1.0,0.5120904320299591,0.0,0.8851681609475466
535,1.0,0.1818139784231179,0.0,0.979789622692288
536,1.0,0.46635600796786425,0.0,0.9974960876234682
537,1.0,0.42131606535621396,0.0,1.0
538,0.9557321503135794,0.5584735573360738,0.0,1.0
539,0.5120904320299591,0.39475468060097374,0.0,1.0
540,0.13754612873669733,0.11733575142898527,0.0,1.0
541,0.06698213937066438,0.02021037730771208,0.0,1.0
542,0.44614563066015217,0.002503912376531775,0.0,0.9557321503135794
543,0.4188121529796822,0.0,0.0,0.5563582817163797
544,0.6027414070224943,0.0,0.0,0.6254556967067384
545,0.8826642485710148,0.0,0.0,0.8851681609475466
546,0.9355217730058675,0.0,0.0,0.979789622692288
547,0.5538543693398478,0.044267849686420536,0.0,0.9974960876234682
548,0.6254556967067384,0.4436417182836204,0.0,1.0
549,0.840900311261126,0.37454430329326166,0.0,0.9557321503135794
550,0.5361479044086674,0.1148318390524535,0.0,0.5563582817163797
551,0.6229517843302066,0.02021037730771208,0.0,0.6254556967067384
552,0.840900311261126,0.002503912376531775,0.0,0.840900311261126
553,0.5361479044086674,0.044267849686420536,0.0,0.49188005472224694
554,0.6229517843302066,0.4879095679700409,0.0,0.13504221636016558
555,0.8851681609475466,0.8624538712633025,0.0,0.02271428968424385
556,0.979789622692288,0.9772857103157562,0.0,0.002503912376531775
557,0.9532282379370476,0.9532282379370476,0.0,0.0
558,0.5120904320299591,0.5120904320299591,0.0,0.0
559,0.13754612873669733,0.13754612873669733,0.0,0.0
560,0.06698213937066438,0.02271428968424385,0.0,0.044267849686420536
561,0.4904134803465727,0.002503912376531775,0.0,0.4879095679700409
562,0.8624538712633025,0.0,0.0,0.8624538712633025
563,0.9772857103157562,0.0,0.0,0.9772857103157562
564,0.9974960876234682,0.0,0.0,0.9974960876234682
565,1.0,0.0,0.0,1.0
566,1.0,0.0,0.0,1.0
567,1.0,0.0,0.0,1.0
568,1.0,0.0,0.0,1.0
569,1.0,0.0,0.0,1.0
570,1.0,0.0,0.0,1.0
571,1.0,0.0,0.0,1.0
572,1.0,0.0,0.0,1.0
573,1.0,0.0,0.0,1.0
574,1.0,0.0,0.0,1.0
575,1.0,0.0,0.0,1.0
576,1.0,0.0,0.0,1.0
577,1.0,0.0,0.0,0.9557321503135794
578,1.0,0.0,0.0,0.5120904320299591
579,1.0,0.0,0.044267849686420536,0.13754612873669733
580,1.0,0.044267849686420536,0.4879095679700409,0.02271428968424385
581,1.0,0.4879095679700409,0.8181860215768821,0.002503912376531775
582,1.0,0.8624538712633025,0.48937614234571514,0.0
583,1.0,0.9772857103157562,0.13504221636016558,0.0
584,1.0,0.9974960876234682,0.02271428968424385,0.0
585,1.0,1.0,0.04677176206295231,0.0
586,1.0,1.0,0.4879095679700409,0.0
587,1.0,1.0,0.8624538712633025,0.044267849686420536
588,1.0,1.0,0.9772857103157562,0.4879095679700409
589,1.0,0.9557321503135794,0.9974960876234682,0.8624538712633025
590,1.0,0.5120904320299591,1.0,0.9772857103157562
591,1.0,0.1818139784231179,1.0,0.9974960876234682
592,1.0,0.46635600796786425,1.0,1.0
593,1.0,0.3770482156697934,1.0,1.0
594,1.0,0.1148318390524535,1.0,1.0
595,1.0,0.02021037730771208,1.0,1.0
596,1.0,0.002503912376531775,0.9557321503135794,1.0
597,1.0,0.0,0.5120904320299591,1.0
598,1.0,0.0,0.13754612873669733,1.0
599,1.0,0.0,0.02271428968424385,1.0
600,1.0,0.0,0.002503912376531775,1.0
601,1.0,0.044267849686420536,0.0,1.0
602,1.0,0.4879095679700409,0.0,1.0
603,1.0,0.8181860215768821,0.0,1.0
604,1.0,0.48937614234571514,0.0,1.0
605,1.0,0.13504221636016558,0.0,1.0
606,1.0,0.06698213937066438,0.0,1.0
607,1.0,0.4904134803465727,0.0,1.0
608,1.0,0.8181860215768821,0.0,1.0
609,1.0,0.48937614234571514,0.0,1.0
610,1.0,0.13504221636016558,0.0,1.0
611,1.0,0.06698213937066438,0.0,1.0
612,1.0,0.4904134803465727,0.0,1.0
613,1.0,0.8624538712633025,0.044267849686420536,1.0
614,1.0,0.9772857103157562,0.4879095679700409,1.0
615,1.0,0.9974960876234682,0.8624538712633025,1.0
616,1.0,1.0,0.9330178606293357,1.0
617,1.0,1.0,0.5095865196534273,1.0
618,1.0,0.9557321503135794,0.1818139784231179,0.9557321503135794
619,1.0,0.5120904320299591,0.5106238576542848,0.5563582817163797
620,1.0,0.13754612873669733,0.8206899339534138,0.6254556967067384
621,1.0,0.02271428968424385,0.48937614234571514,0.8851681609475466
622,1.0,0.002503912376531775,0.13504221636016558,0.9355217730058675
623,0.9557321503135794,0.0,0.02271428968424385,0.5095865196534273
624,0.5120904320299591,0.0,0.002503912376531775,0.13754612873669733
625,0.13754612873669733,0.0,0.0,0.02271428968424385
626,0.06698213937066438,0.0,0.044267849686420536,0.002503912376531775
627,0.4904134803465727,0.044267849686420536,0.4879095679700409,0.044267849686420536
628,0.8624538712633025,0.4879095679700409,0.8624538712633025,0.4879095679700409
629,0.9330178606293357,0.8624538712633025,0.9330178606293357,0.8624538712633025
630,0.5538543693398478,0.9772857103157562,0.5095865196534273,0.9772857103157562
631,0.6254556967067384,0.9974960876234682,0.1818139784231179,0.9974960876234682
632,0.8851681609475466,1.0,0.5106238576542848,0.9557321503135794
633,0.979789622692288,1.0,0.8649577836398343,0.5563582817163797
634,0.9974960876234682,1.0,0.9772857103157562,0.6254556967067384
635,1.0,1.0,0.9974960876234682,0.8851681609475466
636,1.0,1.0,0.9557321503135794,0.979789622692288
637,1.0,0.9557321503135794,0.5120904320299591,0.9532282379370476
638,1.0,0.5120904320299591,0.13754612873669733,0.5120904320299591
639,1.0,0.13754612873669733,0.02271428968424385,0.13754612873669733
640,1.0,0.02271428968424385,0.002503912376531775,0.06698213937066438
641,1.0,0.04677176206295231,0.0,0.4904134803465727
642,1.0,0.4879095679700409,0.0,0.8624538712633025
643,1.0,0.8624538712633025,0.0,0.9772857103157562
644,1.0,0.9772857103157562,0.0,0.9974960876234682
645,1.0,0.9974960876234682,0.0,1.0
646,1.0,1.0,0.044267849686420536,0.9557321503135794
647,1.0,1.0,0.4879095679700409,0.5120904320299591
648,1.0,1.0,0.8624538712633025,0.13754612873669733
649,1.0,1.0,0.9330178606293357,0.06698213937066438
650,1.0,1.0,0.5538543693398478,0.4904134803465727
651,1.0,1.0,0.6254556967067384,0.8624538712633025
652,1.0,1.0,0.8851681609475466,0.9772857103157562
653,1.0,1.0,0.979789622692288,0.9974960876234682
654,1.0,1.0,0.9532282379370476,0.9557321503135794
655,1.0,1.0,0.5120904320299591,0.5120904320299591
656,1.0,1.0,0.13754612873669733,0.1818139784231179
657,1.0,0.9557321503135794,0.02271428968424385,0.5106238576542848
658,1.0,0.5563582817163797,0.002503912376531775,0.8649577836398343
659,1.0,0.6254556967067384,0.0,0.9772857103157562
660,1.0,0.8851681609475466,0.0,0.9974960876234682
661,1.0,0.9355217730058675,0.0,1.0
662,1.0,0.5538543693398478,0.0,1.0
663,1.0,0.6254556967067384,0.0,1.0
664,1.0,0.840900311261126,0.0,1.0
665,1.0,0.5361479044086674,0.0,1.0
666,1.0,0.6229517843302066,0.0,1.0
667,1.0,0.8851681609475466,0.0,1.0
668,1.0,0.9355217730058675,0.0,1.0
669,1.0,0.5095865196534273,0.0,1.0
670,1.0,0.13754612873669733,0.0,0.9557321503135794
671,1.0,0.02271428968424385,0.0,0.5120904320299591
672,1.0,0.04677176206295231,0.0,0.1818139784231179
673,1.0,0.4879095679700409,0.0,0.5106238576542848
674,1.0,0.8624538712633025,0.044267849686420536,0.8649577836398343
675,1.0,0.9772857103157562,0.4879095679700409,0.9772857103157562
676,1.0,0.9532282379370476,0.8624538712633025,0.9974960876234682
677,1.0,0.5120904320299591,0.9330178606293357,1.0
678,1.0,0.13754612873669733,0.5095865196534273,0.9557321503135794
679,1.0,0.06698213937066438,0.13754612873669733,0.5120904320299591
680,1.0,0.44614563066015217,0.02271428968424385,0.13754612873669733
681,1.0,0.37454430329326166,0.04677176206295231,0.02271428968424385
682,1.0,0.15909968873887403,0.4879095679700409,0.002503912376531775
683,1.0,0.5081199452777531,0.8624538712633025,0.044267849686420536
684,1.0,0.8206899339534138,0.9330178606293357,0.4436417182836204
685,1.0,0.48937614234571514,0.5095865196534273,0.37454430329326166
686,0.9557321503135794,0.13504221636016558,0.13754612873669733,0.1148318390524535
687,0.5120904320299591,0.02271428968424385,0.02271428968424385,0.02021037730771208
688,0.13754612873669733,0.002503912376531775,0.002503912376531775,0.002503912376531775
689,0.06698213937066438,0.0,0.0,0.0
690,0.4904134803465727,0.0,0.0,0.0
691,0.8624538712633025,0.0,0.0,0.0
692,0.9772857103157562,0.0,0.0,0.0
693,0.9974960876234682,0.0,0.0,0.0
694,1.0,0.0,0.044267849686420536,0.0
695,1.0,0.044267849686420536,0.4879095679700409,0.0
696,0.9557321503135794,0.4879095679700409,0.8181860215768821,0.0
697,0.5563582817163797,0.8624538712633025,0.48937614234571514,0.0
698,0.6254556967067384,0.9330178606293357,0.13504221636016558,0.0
699,0.8851681609475466,0.5095865196534273,0.02271428968424385,0.044267849686420536
700,0.979789622692288,0.1818139784231179,0.002503912376531775,0.4436417182836204
701,0.9532282379370476,0.5106238576542848,0.0,0.37454430329326166
702,0.5563582817163797,0.8649577836398343,0.0,0.15909968873887403
703,0.5811878470203178,0.9772857103157562,0.0,0.4638520955913325
704,0.44152644266392604,0.9974960876234682,0.044267849686420536,0.42131606535621396
705,0.6052453193990261,1.0,0.4879095679700409,0.6027414070224943
706,0.8826642485710148,1.0,0.8624538712633025,0.8826642485710148
707,0.979789622692288,1.0,0.9772857103157562,0.979789622692288
708,0.9974960876234682,1.0,0.9974960876234682,0.9974960876234682
709,1.0,1.0,1.0,1.0
710,1.0,1.0,0.9557321503135794,1.0
711,1.0,1.0,0.5120904320299591,1.0
712,1.0,1.0,0.13754612873669733,1.0
713,1.0,1.0,0.02271428968424385,1.0
714,1.0,1.0,0.002503912376531775,0.9557321503135794
715,1.0,1.0,0.0,0.5563582817163797
716,1.0,1.0,0.0,0.6254556967067384
717,1.0,0.9557321503135794,0.0,0.840900311261126
718,1.0,0.5563582817163797,0.0,0.5361479044086674
719,1.0,0.6254556967067384,0.0,0.6229517843302066
720,1.0,0.8851681609475466,0.0,0.8851681609475466
721,1.0,0.9355217730058675,0.0,0.979789622692288
722,1.0,0.5095865196534273,0.0,0.9974960876234682
723,1.0,0.1818139784231179,0.0,1.0
724,1.0,0.5106238576542848,0.0,0.9557321503135794
725,1.0,0.8649577836398343,0.0,0.5120904320299591
726,1.0,0.9330178606293357,0.044267849686420536,0.13754612873669733
727,1.0,0.5538543693398478,0.4879095679700409,0.02271428968424385
728,1.0,0.6254556967067384,0.8181860215768821,0.002503912376531775
729,1.0,0.8851681609475466,0.48937614234571514,0.0
730,1.0,0.979789622692288,0.17931006604658611,0.0
731,1.0,0.9532282379370476,0.5106238576542848,0.0
732,1.0,0.5120904320299591,0.8649577836398343,0.0
733,1.0,0.13754612873669733,0.9772857103157562,0.0
734,1.0,0.02271428968424385,0.9974960876234682,0.0
735,1.0,0.002503912376531775,0.9557321503135794,0.0
736,1.0,0.0,0.5120904320299591,0.0
737,1.0,0.044267849686420536,0.13754612873669733,0.0
738,1.0,0.4879095679700409,0.06698213937066438,0.0
739,1.0,0.8181860215768821,0.4904134803465727,0.0
740,1.0,0.5336439920321356,0.8624538712633025,0.0
741,0.9557321503135794,0.6229517843302066,0.9330178606293357,0.0
742,0.5120904320299591,0.8851681609475466,0.5095865196534273,0.0
743,0.13754612873669733,0.979789622692288,0.13754612873669733,0.0
744,0.02271428968424385,0.9974960876234682,0.02271428968424385,0.0
745,0.002503912376531775,0.9557321503135794,0.002503912376531775,0.0
746,0.0,0.5563582817163797,0.0,0.044267849686420536
747,0.044267849686420536,0.6254556967067384,0.0,0.4879095679700409
748,0.4879095679700409,0.8851681609475466,0.044267849686420536,0.8624538712633025
749,0.8624538712633025,0.9355217730058675,0.4879095679700409,0.9772857103157562
750,0.9772857103157562,0.5538543693398478,0.8624538712633025,0.9974960876234682
751,0.9532282379370476,0.6254556967067384,0.9330178606293357,0.9557321503135794
752,0.5563582817163797,0.840900311261126,0.5095865196534273,0.5120904320299591
753,0.6254556967067384,0.49188005472224694,0.13754612873669733,0.13754612873669733
754,0.8851681609475466,0.17931006604658611,0.02271428968424385,0.02271428968424385
755,0.979789622692288,0.5106238576542848,0.002503912376531775,0.002503912376531775
756,0.9974960876234682,0.8649577836398343,0.0,0.0
757,1.0,0.9330178606293357,0.0,0.0
758,1.0,0.5095865196534273,0.0,0.0
759,1.0,0.1818139784231179,0.0,0.044267849686420536
760,1.0,0.5106238576542848,0.0,0.4879095679700409
761,1.0,0.8206899339534138,0.0,0.8181860215768821
762,1.0,0.5336439920321356,0.0,0.48937614234571514
763,1.0,0.6229517843302066,0.0,0.17931006604658611
764,1.0,0.840900311261126,0.0,0.5106238576542848
765,1.0,0.5361479044086674,0.044267849686420536,0.8649577836398343
766,1.0,0.6229517843302066,0.4879095679700409,0.9772857103157562
767,1.0,0.8851681609475466,0.8181860215768821,0.9974960876234682
768,1.0,0.9355217730058675,0.48937614234571514,1.0
769,1.0,0.5095865196534273,0.13504221636016558,1.0
770,1.0,0.1818139784231179,0.06698213937066438,1.0
771,1.0,0.5106238576542848,0.4904134803465727,1.0
772,1.0,0.8206899339534138,0.8181860215768821,1.0
773,1.0,0.5336439920321356,0.48937614234571514,1.0
774,1.0,0.6229517843302066,0.13504221636016558,0.9557321503135794
775,1.0,0.8851681609475466,0.02271428968424385,0.5563582817163797
776,1.0,0.979789622692288,0.04677176206295231,0.6254556967067384
777,1.0,0.9532282379370476,0.4879095679700409,0.8851681609475466
778,1.0,0.5120904320299591,0.8624538712633025,0.979789622692288
779,1.0,0.13754612873669733,0.9330178606293357,0.9974960876234682
780,1.0,0.02271428968424385,0.5095865196534273,1.0
781,1.0,0.002503912376531775,0.13754612873669733,1.0
782,1.0,0.0,0.02271428968424385,1.0
783,1.0,0.0,0.002503912376531775,1.0
784,1.0,0.0,0.0,1.0
785,1.0,0.0,0.0,1.0
786,1.0,0.0,0.0,1.0
787,1.0,0.044267849686420536,0.0,1.0
788,1.0,0.4879095679700409,0.0,1.0
789,1.0,0.8624538712633025,0.0,1.0
790,1.0,0.9772857103157562,0.0,1.0
791,1.0,0.9532282379370476,0.0,1.0
792,1.0,0.5120904320299591,0.0,1.0
793,1.0,0.13754612873669733,0.0,1.0
794,1.0,0.02271428968424385,0.0,1.0
795,1.0,0.002503912376531775,0.0,1.0
796,1.0,0.0,0.0,1.0
797,1.0,0.0,0.0,1.0
798,1.0,0.0,0.0,1.0
799,1.0,0.0,0.0,1.0
800,1.0,0.0,0.0,1.0
801,1.0,0.0,0.0,1.0
802,1.0,0.0,0.0,1.0
803,1.0,0.0,0.0,1.0
804,1.0,0.0,0.0,1.0
805,1.0,0.044267849686420536,0.0,1.0
806,1.0,0.4879095679700409,0.0,1.0
807,1.0,0.8624538712633025,0.044267849686420536,1.0
808,1.0,0.9330178606293357,0.4879095679700409,1.0
809,1.0,0.5538543693398478,0.8624538712633025,1.0
810,1.0,0.6254556967067384,0.9772857103157562,1.0
811,1.0,0.8851681609475466,0.9974960876234682,1.0
812,0.9557321503135794,0.9355217730058675,0.9557321503135794,0.9557321503135794
813,0.5563582817163797,0.5095865196534273,0.5563582817163797,0.5120904320299591
814,0.6254556967067384,0.13754612873669733,0.6254556967067384,0.13754612873669733
815,0.8851681609475466,0.02271428968424385,0.8851681609475466,0.02271428968424385
816,0.979789622692288,0.04677176206295231,0.979789622692288,0.04677176206295231
817,0.9974960876234682,0.4879095679700409,0.9974960876234682,0.4879095679700409
818,1.0,0.8181860215768821,1.0,0.8181860215768821
819,1.0,0.48937614234571514,0.9557321503135794,0.48937614234571514
820,1.0,0.17931006604658611,0.5120904320299591,0.17931006604658611
821,1.0,0.5106238576542848,0.13754612873669733,0.46635600796786425
822,1.0,0.8649577836398343,0.06698213937066438,0.42131606535621396
823,1.0,0.9772857103157562,0.4904134803465727,0.6027414070224943
824,1.0,0.9974960876234682,0.8624538712633025,0.8826642485710148
825,1.0,0.9557321503135794,0.9772857103157562,0.979789622692288
826,1.0,0.5120904320299591,0.9974960876234682,0.9974960876234682
827,1.0,0.13754612873669733,1.0,1.0
828,1.0,0.02271428968424385,1.0,1.0
829,1.0,0.002503912376531775,1.0,1.0
830,1.0,0.0,1.0,1.0
831,1.0,0.0,1.0,1.0
832,1.0,0.044267849686420536,0.9557321503135794,0.9557321503135794
833,0.9557321503135794,0.4436417182836204,0.5120904320299591,0.5120904320299591
834,0.5120904320299591,0.37454430329326166,0.13754612873669733,0.13754612873669733
835,0.13754612873669733,0.1148318390524535,0.02271428968424385,0.02271428968424385
836,0.02271428968424385,0.06447822699413261,0.002503912376531775,0.002503912376531775
837,0.002503912376531775,0.4904134803465727,0.0,0.0
838,0.044267849686420536,0.8624538712633025,0.0,0.044267849686420536
839,0.4879095679700409,0.9772857103157562,0.0,0.4436417182836204
840,0.8624538712633025,0.9974960876234682,0.0,0.37454430329326166
841,0.9772857103157562,1.0,0.0,0.15909968873887403
842,0.9974960876234682,1.0,0.0,0.5081199452777531
843,1.0,1.0,0.0,0.8649577836398343
844,1.0,1.0,0.0,0.9772857103157562
845,1.0,1.0,0.044267849686420536,0.9974960876234682
846,1.0,1.0,0.4879095679700409,1.0
847,1.0,1.0,0.8624538712633025,1.0
848,1.0,1.0,0.9772857103157562,1.0
849,1.0,1.0,0.9974960876234682,1.0
850,1.0,1.0,1.0,1.0
851,1.0,1.0,0.9557321503135794,1.0
852,1.0,1.0,0.5563582817163797,1.0
853,1.0,1.0,0.6254556967067384,1.0
854,1.0,1.0,0.8851681609475466,0.9557321503135794
855,1.0,1.0,0.9355217730058675,0.5563582817163797
856,1.0,0.9557321503135794,0.5095865196534273,0.6254556967067384
857,1.0,0.5120904320299591,0.13754612873669733,0.8851681609475466
858,1.0,0.13754612873669733,0.06698213937066438,0.979789622692288
859,1.0,0.02271428968424385,0.4904134803465727,0.9974960876234682
860,1.0,0.002503912376531775,0.8624538712633025,1.0
861,1.0,0.044267849686420536,0.9772857103157562,1.0
862,1.0,0.4879095679700409,0.9532282379370476,1.0
863,1.0,0.8624538712633025,0.5120904320299591,1.0
864,1.0,0.9772857103157562,0.13754612873669733,1.0
865,1.0,0.9974960876234682,0.06698213937066438,1.0
866,1.0,1.0,0.4904134803465727,1.0
867,1.0,1.0,0.8624538712633025,1.0
868,1.0,1.0,0.9772857103157562,1.0
869,1.0,1.0,0.9974960876234682,0.9557321503135794
870,1.0,1.0,1.0,0.5120904320299591
871,1.0,1.0,1.0,0.13754612873669733
872,1.0,1.0,1.0,0.02271428968424385
873,1.0,1.0,1.0,0.002503912376531775
874,1.0,0.9557321503135794,1.0,0.044267849686420536
875,1.0,0.5563582817163797,1.0,0.4879095679700409
876,1.0,0.6254556967067384,1.0,0.8181860215768821
877,0.9557321503135794,0.8851681609475466,0.9557321503135794,0.5336439920321356
878,0.5563582817163797,0.9355217730058675,0.5120904320299591,0.578683934643786
879,0.6254556967067384,0.5095865196534273,0.13754612873669733,0.39725859297750554
880,0.8851681609475466,0.1818139784231179,0.02271428968424385,0.1616036011154058
881,0.979789622692288,0.5106238576542848,0.002503912376531775,0.5081199452777531
882,0.9532282379370476,0.8649577836398343,0.0,0.8649577836398343
883,0.5563582817163797,0.9330178606293357,0.0,0.9330178606293357
884,0.6254556967067384,0.5538543693398478,0.0,0.5538543693398478
885,0.8851681609475466,0.6254556967067384,0.0,0.6254556967067384
886,0.979789622692288,0.8851681609475466,0.0,0.8851681609475466
887,0.9974960876234682,0.9355217730058675,0.0,0.979789622692288
888,1.0,0.5095865196534273,0.0,0.9974960876234682
889,1.0,0.1818139784231179,0.0,1.0
890,1.0,0.5106238576542848,0.0,1.0
891,1.0,0.8649577836398343,0.044267849686420536,1.0
892,1.0,0.9772857103157562,0.4879095679700409,1.0
893,1.0,0.9974960876234682,0.8181860215768821,1.0
894,1.0,0.9557321503135794,0.48937614234571514,1.0
895,1.0,0.5563582817163797,0.17931006604658611,1.0
896,1.0,0.6254556967067384,0.5106238576542848,1.0
897,1.0,0.840900311261126,0.8649577836398343,1.0
898,1.0,0.5361479044086674,0.9772857103157562,1.0
899,1.0,0.6229517843302066,0.9974960876234682,1.0
900,1.0,0.8851681609475466,1.0,1.0
901,1.0,0.979789622692288,1.0,1.0
902,1.0,0.9974960876234682,1.0,1.0
903,1.0,1.0,0.9557321503135794,1.0
904,1.0,1.0,0.5120904320299591,1.0
905,1.0,1.0,0.13754612873669733,1.0
906,1.0,1.0,0.02271428968424385,1.0
907,1.0,1.0,0.002503912376531775,1.0
908,1.0,1.0,0.0,1.0
909,1.0,0.9557321503135794,0.0,1.0
910,1.0,0.5120904320299591,0.044267849686420536,1.0
911,1.0,0.13754612873669733,0.4879095679700409,1.0
912,1.0,0.02271428968424385,0.8624538712633025,1.0
913,0.9557321503135794,0.04677176206295231,0.9330178606293357,1.0
914,0.5120904320299591,0.4436417182836204,0.5095865196534273,1.0
915,0.1818139784231179,0.37454430329326166,0.13754612873669733,0.9557321503135794
916,0.5106238576542848,0.1148318390524535,0.02271428968424385,0.5120904320299591
917,0.8649577836398343,0.02021037730771208,0.04677176206295231,0.13754612873669733
918,0.9772857103157562,0.002503912376531775,0.4879095679700409,0.02271428968424385
919,0.9974960876234682,0.0,0.8624538712633025,0.002503912376531775
920,1.0,0.0,0.9772857103157562,0.0
921,1.0,0.0,0.9974960876234682,0.0
922,1.0,0.0,1.0,0.0
923,0.9557321503135794,0.0,0.9557321503135794,0.0
924,0.5563582817163797,0.0,0.5120904320299591,0.0
925,0.6254556967067384,0.0,0.1818139784231179,0.044267849686420536
926,0.8851681609475466,0.044267849686420536,0.5106238576542848,0.4879095679700409
927,0.979789622692288,0.4879095679700409,0.8649577836398343,0.8624538712633025
928,0.9974960876234682,0.8624538712633025,0.9772857103157562,0.9772857103157562
929,1.0,0.9772857103157562,0.9974960876234682,0.9974960876234682
930,1.0,0.9532282379370476,1.0,0.9557321503135794
931,1.0,0.5120904320299591,1.0,0.5120904320299591
932,1.0,0.1818139784231179,1.0,0.13754612873669733
933,1.0,0.5106238576542848,1.0,0.02271428968424385
934,1.0,0.8206899339534138,1.0,0.04677176206295231
935,1.0,0.48937614234571514,1.0,0.4879095679700409
936,1.0,0.17931006604658611,1.0,0.8624538712633025
937,1.0,0.5106238576542848,1.0,0.9772857103157562
938,1.0,0.8649577836398343,1.0,0.9532282379370476
939,1.0,0.9330178606293357,1.0,0.5120904320299591
940,0.9557321503135794,0.5095865196534273,0.9557321503135794,0.13754612873669733
941,0.5120904320299591,0.13754612873669733,0.5120904320299591,0.02271428968424385
942,0.1818139784231179,0.06698213937066438,0.13754612873669733,0.04677176206295231
943,0.46635600796786425,0.4904134803465727,0.02271428968424385,0.4879095679700409
944,0.42131606535621396,0.8624538712633025,0.04677176206295231,0.8624538712633025
945,0.6027414070224943,0.9330178606293357,0.4879095679700409,0.9772857103157562
946,0.8826642485710148,0.5095865196534273,0.8624538712633025,0.9974960876234682
947,0.979789622692288,0.13754612873669733,0.9772857103157562,1.0
948,0.9974960876234682,0.02271428968424385,0.9974960876234682,0.9557321503135794
949,1.0,0.002503912376531775,1.0,0.5120904320299591
950,1.0,0.0,1.0,0.13754612873669733
951,0.9557321503135794,0.0,0.9557321503135794,0.02271428968424385
952,0.5120904320299591,0.044267849686420536,0.5120904320299591,0.002503912376531775
953,0.13754612873669733,0.4879095679700409,0.13754612873669733,0.0
954,0.02271428968424385,0.8624538712633025,0.02271428968424385,0.0
955,0.002503912376531775,0.9772857103157562,0.002503912376531775,0.0
956,0.0,0.9532282379370476,0.0,0.0
957,0.044267849686420536,0.5120904320299591,0.0,0.0
958,0.4879095679700409,0.13754612873669733,0.0,0.0
959,0.8624538712633025,0.06698213937066438,0.0,0.0
960,0.9330178606293357,0.4904134803465727,0.0,0.0
961,0.5095865196534273,0.8624538712633025,0.0,0.0
962,0.1818139784231179,0.9772857103157562,0.044267849686420536,0.0
963,0.5106238576542848,0.9974960876234682,0.4879095679700409,0.044267849686420536
964,0.8206899339534138,1.0,0.8181860215768821,0.4879095679700409
965,0.48937614234571514,1.0,0.48937614234571514,0.8181860215768821
966,0.17931006604658611,1.0,0.13504221636016558,0.48937614234571514
967,0.46635600796786425,0.9557321503135794,0.02271428968424385,0.13504221636016558
968,0.3770482156697934,0.5120904320299591,0.002503912376531775,0.02271428968424385
969,0.1148318390524535,0.13754612873669733,0.0,0.002503912376531775
970,0.02021037730771208,0.02271428968424385,0.0,0.0
971,0.002503912376531775,0.002503912376531775,0.0,0.0
972,0.044267849686420536,0.044267849686420536,0.0,0.0
973,0.4879095679700409,0.4879095679700409,0.0,0.0
974,0.8624538712633025,0.8624538712633025,0.0,0.0
975,0.9772857103157562,0.9772857103157562,0.0,0.0
976,0.9974960876234682,0.9974960876234682,0.0,0.044267849686420536
977,1.0,1.0,0.0,0.4436417182836204
978,1.0,1.0,0.044267849686420536,0.4188121529796822
979,1.0,1.0,0.4879095679700409,0.6027414070224943
980,1.0,1.0,0.8624538712633025,0.8826642485710148
981,1.0,0.9557321503135794,0.9772857103157562,0.979789622692288
982,1.0,0.5120904320299591,0.9974960876234682,0.9974960876234682
983,1.0,0.1818139784231179,1.0,1.0
984,1.0,0.5106238576542848,1.0,1.0
985,1.0,0.8649577836398343,0.9557321503135794,1.0
986,1.0,0.9772857103157562,0.5120904320299591,1.0
987,1.0,0.9532282379370476,0.1818139784231179,1.0
988,1.0,0.5120904320299591,0.5106238576542848,1.0
989,1.0,0.13754612873669733,0.8649577836398343,1.0
990,1.0,0.02271428968424385,0.9772857103157562,1.0
991,1.0,0.002503912376531775,0.9974960876234682,1.0
992,1.0,0.0,1.0,1.0
993,1.0,0.0,1.0,1.0
994,1.0,0.0,1.0,1.0
995,1.0,0.0,1.0,1.0
996,1.0,0.0,1.0,1.0
997,1.0,0.0,1.0,1.0
998,1.0,0.0,1.0,1.0
999,1.0,0.0,1.0,1.0
1000,1.0,0.0,1.0,1.0
1001,1.0,0.0,1.0,1.0
1002,1.0,0.0,1.0,1.0
1003,1.0,0.0,1.0,1.0
1004,1.0,0.0,1.0,1.0
1005,1.0,0.0,1.0,1.0
1006,1.0,0.0,1.0,1.0
1007,1.0,0.0,1.0,1.0
1008,1.0,0.0,1.0,1.0
1009,1.0,0.0,1.0,1.0
1010,1.0,0.0,1.0,1.0
1011,1.0,0.0,1.0,1.0
1012,1.0,0.0,1.0,1.0
1013,1.0,0.0,1.0,1.0
1014,1.0,0.0,1.0,1.0
1015,1.0,0.0,0.9557321503135794,0.9557321503135794
1016,1.0,0.0,0.5120904320299591,0.5120904320299591
1017,1.0,0.0,0.1818139784231179,0.1818139784231179
1018,0.9557321503135794,0.044267849686420536,0.46635600796786425,0.5106238576542848
1019,0.5120904320299591,0.4879095679700409,0.3770482156697934,0.8649577836398343
1020,0.1818139784231179,0.8624538712633025,0.1148318390524535,0.9330178606293357
1021,0.5106238576542848,0.9330178606293357,0.06447822699413261,0.5095865196534273
1022,0.8649577836398343,0.5538543693398478,0.4904134803465727,0.13754612873669733
1023,0.9772857103157562,0.6254556967067384,0.8624538712633025,0.06698213937066438
1024,0.9974960876234682,0.8851681609475466,0.9772857103157562,0.4904134803465727
1025,1.0,0.9355217730058675,0.9974960876234682,0.8624538712633025
1026,1.0,0.5095865196534273,0.9557321503135794,0.9772857103157562
1027,1.0,0.13754612873669733,0.5120904320299591,0.9974960876234682
1028,1.0,0.02271428968424385,0.13754612873669733,1.0
1029,1.0,0.04677176206295231,0.02271428968424385,1.0
1030,1.0,0.4879095679700409,0.04677176206295231,0.9557321503135794
1031,1.0,0.8624538712633025,0.4879095679700409,0.5120904320299591
1032,1.0,0.9772857103157562,0.8624538712633025,0.13754612873669733
1033,1.0,0.9974960876234682,0.9772857103157562,0.06698213937066438
1034,1.0,1.0,0.9974960876234682,0.4904134803465727
1035,1.0,0.9557321503135794,1.0,0.8624538712633025
1036,1.0,0.5120904320299591,1.0,0.9330178606293357
1037,1.0,0.13754612873669733,0.9557321503135794,0.5095865196534273
1038,1.0,0.02271428968424385,0.5120904320299591,0.13754612873669733
1039,1.0,0.04677176206295231,0.13754612873669733,0.06698213937066438
1040,1.0,0.4879095679700409,0.02271428968424385,0.4904134803465727
1041,1.0,0.8181860215768821,0.002503912376531775,0.8181860215768821
1042,1.0,0.48937614234571514,0.0,0.48937614234571514
1043,1.0,0.13504221636016558,0.0,0.13504221636016558
1044,1.0,0.02271428968424385,0.0,0.02271428968424385
1045,1.0,0.002503912376531775,0.0,0.002503912376531775
1046,1.0,0.0,0.0,0.0
1047,1.0,0.0,0.0,0.0
1048,1.0,0.0,0.0,0.0
1049,1.0,0.0,0.0,0.0
1050,1.0,0.0,0.0,0.0
1051,1.0,0.0,0.0,0.0
1052,1.0,0.0,0.0,0.0
1053,1.0,0.0,0.0,0.0
1054,1.0,0.0,0.0,0.044267849686420536
1055,1.0,0.0,0.0,0.4879095679700409
1056,1.0,0.0,0.0,0.8181860215768821
1057,1.0,0.0,0.0,0.5336439920321356
1058,1.0,0.0,0.0,0.6229517843302066
1059,1.0,0.0,0.0,0.8851681609475466
1060,1.0,0.0,0.0,0.979789622692288
1061,1.0,0.0,0.0,0.9974960876234682
1062,1.0,0.0,0.0,1.0
1063,1.0,0.0,0.0,1.0
1064,1.0,0.0,0.0,0.9557321503135794
1065,1.0,0.0,0.0,0.5120904320299591
1066,1.0,0.0,0.0,0.13754612873669733
1067,1.0,0.044267849686420536,0.0,0.02271428968424385
1068,0.9557321503135794,0.4879095679700409,0.0,0.002503912376531775
1069,0.5563582817163797,0.8624538712633025,0.044267849686420536,0.0
1070,0.5811878470203178,0.9772857103157562,0.4436417182836204,0.0
1071,0.39725859297750554,0.9974960876234682,0.37454430329326166,0.044267849686420536
1072,0.11733575142898527,0.9557321503135794,0.1148318390524535,0.4879095679700409
1073,0.06447822699413261,0.5563582817163797,0.02021037730771208,0.8181860215768821
1074,0.4904134803465727,0.6254556967067384,0.002503912376531775,0.48937614234571514
1075,0.8624538712633025,0.8851681609475466,0.0,0.13504221636016558
1076,0.9772857103157562,0.979789622692288,0.0,0.02271428968424385
1077,0.9974960876234682,0.9974960876234682,0.0,0.002503912376531775
1078,1.0,0.9557321503135794,0.044267849686420536,0.0
1079,1.0,0.5120904320299591,0.4879095679700409,0.0
1080,1.0,0.1818139784231179,0.8624538712633025,0.0
1081,1.0,0.46635600796786425,0.9772857103157562,0.0
1082,1.0,0.3770482156697934,0.9974960876234682,0.0
1083,1.0,0.1148318390524535,1.0,0.0
1084,1.0,0.02021037730771208,1.0,0.0
1085,1.0,0.04677176206295231,1.0,0.0
1086,1.0,0.4879095679700409,1.0,0.0
1087,1.0,0.8181860215768821,1.0,0.0
1088,1.0,0.48937614234571514,1.0,0.0
1089,1.0,0.13504221636016558,1.0,0.044267849686420536
1090,1.0,0.02271428968424385,1.0,0.4879095679700409
1091,1.0,0.002503912376531775,1.0,0.8624538712633025
1092,1.0,0.0,1.0,0.9330178606293357
1093,1.0,0.0,0.9557321503135794,0.5095865196534273
1094,1.0,0.0,0.5120904320299591,0.1818139784231179
1095,1.0,0.0,0.13754612873669733,0.5106238576542848
1096,1.0,0.0,0.02271428968424385,0.8649577836398343
1097,1.0,0.0,0.002503912376531775,0.9772857103157562
1098,1.0,0.0,0.0,0.9974960876234682
1099,1.0,0.0,0.0,1.0
1100,1.0,0.0,0.0,1.0
1101,1.0,0.0,0.0,1.0
1102,1.0,0.0,0.0,1.0
1103,1.0,0.0,0.0,1.0
1104,1.0,0.0,0.044267849686420536,0.9557321503135794
1105,1.0,0.0,0.4879095679700409,0.5120904320299591
1106,1.0,0.044267849686420536,0.8181860215768821,0.13754612873669733
1107,1.0,0.4879095679700409,0.48937614234571514,0.02271428968424385
1108,1.0,0.8624538712633025,0.17931006604658611,0.04677176206295231
1109,1.0,0.9772857103157562,0.5106238576542848,0.4879095679700409
1110,1.0,0.9532282379370476,0.8206899339534138,0.8624538712633025
1111,1.0,0.5120904320299591,0.5336439920321356,0.9772857103157562
1112,1.0,0.1818139784231179,0.6229517843302066,0.9974960876234682
1113,1.0,0.5106238576542848,0.8851681609475466,1.0
1114,0.9557321503135794,0.8649577836398343,0.979789622692288,1.0
1115,0.5563582817163797,0.9772857103157562,0.9974960876234682,1.0
1116,0.6254556967067384,0.9974960876234682,1.0,1.0
1117,0.8851681609475466,0.9557321503135794,1.0,1.0
1118,0.979789622692288,0.5120904320299591,1.0,1.0
1119,0.9974960876234682,0.13754612873669733,1.0,0.9557321503135794
1120,1.0,0.02271428968424385,1.0,0.5120904320299591
1121,1.0,0.002503912376531775,1.0,0.13754612873669733
1122,1.0,0.0,1.0,0.02271428968424385
1123,1.0,0.0,1.0,0.002503912376531775
1124,1.0,0.0,1.0,0.0
1125,1.0,0.0,1.0,0.0
1126,1.0,0.0,1.0,0.044267849686420536
1127,1.0,0.0,1.0,0.4879095679700409
1128,1.0,0.0,1.0,0.8624538712633025
1129,1.0,0.0,1.0,0.9772857103157562
1130,1.0,0.0,1.0,0.9974960876234682
1131,1.0,0.0,1.0,1.0
1132,1.0,0.0,1.0,1.0
1133,1.0,0.0,1.0,1.0
1134,1.0,0.044267849686420536,1.0,1.0
1135,1.0,0.4436417182836204,1.0,1.0
1136,1.0,0.37454430329326166,1.0,1.0
1137,0.9557321503135794,0.1148318390524535,0.9557321503135794,0.9557321503135794
1138,0.5563582817163797,0.02021037730771208,0.5563582817163797,0.5563582817163797
1139,0.6254556967067384,0.04677176206295231,0.6254556967067384,0.6254556967067384
1140,0.8851681609475466,0.4436417182836204,0.8851681609475466,0.8851681609475466
1141,0.9355217730058675,0.37454430329326166,0.9355217730058675,0.979789622692288
1142,0.5095865196534273,0.1148318390524535,0.5095865196534273,0.9532282379370476
1143,0.13754612873669733,0.02021037730771208,0.13754612873669733,0.5120904320299591
1144,0.02271428968424385,0.002503912376531775,0.02271428968424385,0.1818139784231179
1145,0.002503912376531775,0.0,0.002503912376531775,0.5106238576542848
1146,0.044267849686420536,0.0,0.044267849686420536,0.8649577836398343
1147,0.4436417182836204,0.0,0.4879095679700409,0.9330178606293357
1148,0.4188121529796822,0.0,0.8624538712633025,0.5538543693398478
1149,0.6027414070224943,0.0,0.9772857103157562,0.6254556967067384
1150,0.8826642485710148,0.0,0.9974960876234682,0.8851681609475466
1151,0.979789622692288,0.0,1.0,0.979789622692288
1152,0.9974960876234682,0.0,1.0,0.9974960876234682
1153,0.9557321503135794,0.0,1.0,1.0
1154,0.5120904320299591,0.0,1.0,1.0
1155,0.1818139784231179,0.0,1.0,1.0
1156,0.5106238576542848,0.044267849686420536,1.0,1.0
1157,0.8649577836398343,0.4879095679700409,1.0,1.0
1158,0.9772857103157562,0.8181860215768821,1.0,0.9557321503135794
1159,0.9974960876234682,0.48937614234571514,1.0,0.5120904320299591
1160,1.0,0.13504221636016558,1.0,0.13754612873669733
1161,1.0,0.02271428968424385,1.0,0.02271428968424385
1162,1.0,0.04677176206295231,1.0,0.002503912376531775
1163,1.0,0.4879095679700409,1.0,0.0
1164,0.9557321503135794,0.8181860215768821,0.9557321503135794,0.0
1165,0.5563582817163797,0.48937614234571514,0.5563582817163797,0.0
1166,0.6254556967067384,0.13504221636016558,0.6254556967067384,0.0
1167,0.8851681609475466,0.02271428968424385,0.8851681609475466,0.0
1168,0.979789622692288,0.002503912376531775,0.979789622692288,0.0
1169,0.9974960876234682,0.0,0.9974960876234682,0.0
1170,1.0,0.0,1.0,0.0
1171,1.0,0.0,1.0,0.044267849686420536
1172,1.0,0.0,1.0,0.4879095679700409
1173,1.0,0.044267849686420536,1.0,0.8624538712633025
1174,1.0,0.4879095679700409,1.0,0.9772857103157562
1175,1.0,0.8624538712633025,0.9557321503135794,0.9532282379370476
1176,1.0,0.9772857103157562,0.5563582817163797,0.5563582817163797
1177,1.0,0.9974960876234682,0.6254556967067384,0.6254556967067384
1178,1.0,1.0,0.840900311261126,0.840900311261126
1179,1.0,1.0,0.49188005472224694,0.49188005472224694
1180,1.0,0.9557321503135794,0.13504221636016558,0.13504221636016558
1181,1.0,0.5563582817163797,0.02271428968424385,0.06698213937066438
1182,1.0,0.6254556967067384,0.002503912376531775,0.4904134803465727
1183,1.0,0.840900311261126,0.0,0.8624538712633025
1184,1.0,0.5361479044086674,0.0,0.9772857103157562
1185,1.0,0.6229517843302066,0.0,0.9974960876234682
1186,1.0,0.8851681609475466,0.0,1.0
1187,1.0,0.979789622692288,0.044267849686420536,0.9557321503135794
1188,1.0,0.9974960876234682,0.4879095679700409,0.5120904320299591
1189,1.0,1.0,0.8624538712633025,0.13754612873669733
1190,1.0,0.9557321503135794,0.9772857103157562,0.06698213937066438
1191,1.0,0.5120904320299591,0.9974960876234682,0.4904134803465727
1192,1.0,0.13754612873669733,1.0,0.8624538712633025
1193,1.0,0.02271428968424385,1.0,0.9772857103157562
1194,1.0,0.002503912376531775,1.0,0.9974960876234682
1195,1.0,0.0,1.0,1.0
1196,1.0,0.044267849686420536,1.0,1.0
1197,1.0,0.4879095679700409,1.0,1.0
1198,1.0,0.8181860215768821,1.0,1.0
1199,1.0,0.48937614234571514,1.0,0.9557321503135794
1200,1.0,0.13504221636016558,1.0,0.5120904320299591
1201,1.0,0.06698213937066438,0.9557321503135794,0.13754612873669733
1202,1.0,0.4904134803465727,0.5563582817163797,0.06698213937066438
1203,1.0,0.8181860215768821,0.6254556967067384,0.4904134803465727
1204,1.0,0.5336439920321356,0.8851681609475466,0.8624538712633025
1205,0.9557321503135794,0.6229517843302066,0.9355217730058675,0.9772857103157562
1206,0.5120904320299591,0.8851681609475466,0.5095865196534273,0.9974960876234682
1207,0.13754612873669733,0.979789622692288,0.13754612873669733,1.0
1208,0.06698213937066438,0.9532282379370476,0.02271428968424385,0.9557321503135794
1209,0.4904134803465727,0.5120904320299591,0.002503912376531775,0.5120904320299591
1210,0.8624538712633025,0.13754612873669733,0.0,0.13754612873669733
1211,0.9772857103157562,0.02271428968424385,0.0,0.02271428968424385
1212,0.9974960876234682,0.002503912376531775,0.0,0.002503912376531775
1213,1.0,0.0,0.0,0.0
1214,1.0,0.0,0.0,0.0
1215,1.0,0.0,0.0,0.0
1216,1.0,0.0,0.0,0.0
1217,1.0,0.0,0.0,0.0
1218,1.0,0.0,0.0,0.0
1219,1.0,0.0,0.0,0.0
1220,1.0,0.0,0.0,0.0
1221,1.0,0.0,0.0,0.0
1222,1.0,0.0,0.044267849686420536,0.0
1223,1.0,0.0,0.4436417182836204,0.0
1224,1.0,0.044267849686420536,0.4188121529796822,0.0
1225,1.0,0.4879095679700409,0.6027414070224943,0.044267849686420536
1226,1.0,0.8624538712633025,0.8383963988845942,0.4879095679700409
1227,1.0,0.9772857103157562,0.49188005472224694,0.8624538712633025
1228,1.0,0.9974960876234682,0.13504221636016558,0.9772857103157562
1229,1.0,1.0,0.02271428968424385,0.9974960876234682
1230,1.0,1.0,0.002503912376531775,1.0
1231,1.0,0.9557321503135794,0.0,1.0
1232,1.0,0.5563582817163797,0.0,1.0
1233,1.0,0.6254556967067384,0.0,1.0
1234,1.0,0.8851681609475466,0.0,1.0
1235,1.0,0.979789622692288,0.0,1.0
1236,1.0,0.9974960876234682,0.0,1.0
1237,1.0,1.0,0.0,1.0
1238,1.0,1.0,0.044267849686420536,1.0
1239,1.0,1.0,0.4879095679700409,1.0
1240,1.0,1.0,0.8624538712633025,1.0
1241,1.0,0.9557321503135794,0.9772857103157562,1.0
1242,1.0,0.5120904320299591,0.9974960876234682,1.0
1243,1.0,0.13754612873669733,1.0,1.0
1244,1.0,0.02271428968424385,1.0,0.9557321503135794
1245,1.0,0.04677176206295231,1.0,0.5563582817163797
1246,1.0,0.4879095679700409,0.9557321503135794,0.6254556967067384
1247,1.0,0.8624538712633025,0.5120904320299591,0.8851681609475466
1248,1.0,0.9772857103157562,0.13754612873669733,0.979789622692288
1249,0.9557321503135794,0.9532282379370476,0.02271428968424385,0.9532282379370476
1250,0.5563582817163797,0.5120904320299591,0.002503912376531775,0.5563582817163797
1251,0.6254556967067384,0.1818139784231179,0.0,0.6254556967067384
1252,0.8851681609475466,0.5106238576542848,0.0,0.840900311261126
1253,0.979789622692288,0.8206899339534138,0.044267849686420536,0.49188005472224694
1254,0.9974960876234682,0.48937614234571514,0.4879095679700409,0.13504221636016558
1255,1.0,0.13504221636016558,0.8624538712633025,0.02271428968424385
1256,1.0,0.02271428968424385,0.9772857103157562,0.002503912376531775
1257,1.0,0.002503912376531775,0.9974960876234682,0.0
1258,1.0,0.0,1.0,0.0
1259,1.0,0.0,1.0,0.0
1260,1.0,0.044267849686420536,0.9557321503135794,0.0
1261,1.0,0.4879095679700409,0.5120904320299591,0.0
1262,1.0,0.8624538712633025,0.13754612873669733,0.044267849686420536
1263,1.0,0.9772857103157562,0.02271428968424385,0.4879095679700409
1264,1.0,0.9974960876234682,0.002503912376531775,0.8624538712633025
1265,1.0,0.9557321503135794,0.044267849686420536,0.9772857103157562
1266,1.0,0.5120904320299591,0.4879095679700409,0.9532282379370476
1267,0.9557321503135794,0.1818139784231179,0.8181860215768821,0.5120904320299591
1268,0.5120904320299591,0.5106238576542848,0.48937614234571514,0.13754612873669733
1269,0.13754612873669733,0.8649577836398343,0.13504221636016558,0.02271428968424385
1270,0.02271428968424385,0.9330178606293357,0.02271428968424385,0.002503912376531775
1271,0.002503912376531775,0.5538543693398478,0.002503912376531775,0.0
1272,0.044267849686420536,0.6254556967067384,0.0,0.044267849686420536
1273,0.4879095679700409,0.8851681609475466,0.044267849686420536,0.4879095679700409
1274,0.8624538712633025,0.9355217730058675,0.4879095679700409,0.8624538712633025
1275,0.9772857103157562,0.5538543693398478,0.8624538712633025,0.9772857103157562
1276,0.9974960876234682,0.6254556967067384,0.9772857103157562,0.9974960876234682
1277,1.0,0.840900311261126,0.9974960876234682,1.0
1278,1.0,0.49188005472224694,1.0,1.0
1279,1.0,0.13504221636016558,1.0,0.9557321503135794
1280,1.0,0.06698213937066438,1.0,0.5120904320299591
1281,1.0,0.4904134803465727,1.0,0.1818139784231179
1282,0.9557321503135794,0.8624538712633025,0.9557321503135794,0.5106238576542848
1283,0.5120904320299591,0.9772857103157562,0.5120904320299591,0.8649577836398343
1284,0.1818139784231179,0.9532282379370476,0.13754612873669733,0.9330178606293357
1285,0.5106238576542848,0.5120904320299591,0.02271428968424385,0.5095865196534273
1286,0.8649577836398343,0.1818139784231179,0.04677176206295231,0.1818139784231179
1287,0.9772857103157562,0.5106238576542848,0.4879095679700409,0.5106238576542848
1288,0.9974960876234682,0.8649577836398343,0.8624538712633025,0.8206899339534138
1289,1.0,0.9772857103157562,0.9772857103157562,0.5336439920321356
1290,1.0,0.9974960876234682,0.9974960876234682,0.6229517843302066
1291,1.0,0.9557321503135794,1.0,0.8851681609475466
1292,1.0,0.5120904320299591,1.0,0.979789622692288
1293,1.0,0.13754612873669733,1.0,0.9532282379370476
1294,1.0,0.06698213937066438,1.0,0.5563582817163797
1295,1.0,0.4904134803465727,1.0,0.6254556967067384
1296,1.0,0.8181860215768821,1.0,0.8851681609475466
1297,1.0,0.48937614234571514,1.0,0.979789622692288
1298,1.0,0.13504221636016558,1.0,0.9974960876234682
1299,0.9557321503135794,0.06698213937066438,0.9557321503135794,0.9557321503135794
1300,0.5120904320299591,0.4904134803465727,0.5120904320299591,0.5120904320299591
1301,0.1818139784231179,0.8624538712633025,0.1818139784231179,0.13754612873669733
1302,0.5106238576542848,0.9772857103157562,0.5106238576542848,0.06698213937066438
1303,0.8649577836398343,0.9532282379370476,0.8649577836398343,0.4904134803465727
1304,0.9772857103157562,0.5120904320299591,0.9772857103157562,0.8181860215768821
1305,0.9974960876234682,0.13754612873669733,0.9974960876234682,0.48937614234571514
1306,1.0,0.06698213937066438,1.0,0.13504221636016558
1307,1.0,0.44614563066015217,1.0,0.02271428968424385
1308,1.0,0.37454430329326166,1.0,0.002503912376531775
1309,1.0,0.15909968873887403,1.0,0.0
1310,1.0,0.4638520955913325,0.9557321503135794,0.0
1311,1.0,0.3770482156697934,0.5120904320299591,0.0
1312,1.0,0.1148318390524535,0.1818139784231179,0.0
1313,1.0,0.06447822699413261,0.5106238576542848,0.0
1314,1.0,0.4904134803465727,0.8206899339534138,0.044267849686420536
1315,1.0,0.8181860215768821,0.48937614234571514,0.4436417182836204
1316,1.0,0.48937614234571514,0.13504221636016558,0.37454430329326166
1317,1.0,0.13504221636016558,0.02271428968424385,0.1148318390524535
1318,1.0,0.02271428968424385,0.04677176206295231,0.02021037730771208
1319,1.0,0.04677176206295231,0.4879095679700409,0.002503912376531775
1320,1.0,0.4879095679700409,0.8624538712633025,0.0
1321,1.0,0.8181860215768821,0.9772857103157562,0.0
1322,1.0,0.5336439920321356,0.9974960876234682,0.0
1323,0.9557321503135794,0.6229517843302066,0.9557321503135794,0.0
1324,0.5563582817163797,0.8851681609475466,0.5120904320299591,0.0
1325,0.6254556967067384,0.979789622692288,0.13754612873669733,0.0
1326,0.8851681609475466,0.9974960876234682,0.02271428968424385,0.0
1327,0.979789622692288,1.0,0.04677176206295231,0.0
1328,0.9974960876234682,1.0,0.4879095679700409,0.044267849686420536
1329,1.0,0.9557321503135794,0.8624538712633025,0.4879095679700409
1330,1.0,0.5120904320299591,0.9772857103157562,0.8624538712633025
1331,1.0,0.13754612873669733,0.9974960876234682,0.9772857103157562
1332,1.0,0.02271428968424385,1.0,0.9974960876234682
1333,1.0,0.04677176206295231,1.0,1.0
1334,1.0,0.4879095679700409,1.0,1.0
1335,1.0,0.8181860215768821,1.0,0.9557321503135794
1336,1.0,0.48937614234571514,1.0,0.5120904320299591
1337,1.0,0.13504221636016558,1.0,0.13754612873669733
1338,1.0,0.02271428968424385,1.0,0.02271428968424385
1339,1.0,0.002503912376531775,1.0,0.002503912376531775
1340,1.0,0.0,1.0,0.0
1341,1.0,0.0,1.0,0.0
1342,1.0,0.0,1.0,0.0
1343,1.0,0.0,1.0,0.0
1344,1.0,0.0,1.0,0.0
1345,1.0,0.0,1.0,0.0
1346,1.0,0.0,1.0,0.0
1347,1.0,0.044267849686420536,1.0,0.044267849686420536
1348,1.0,0.4879095679700409,1.0,0.4879095679700409
1349,1.0,0.8624538712633025,1.0,0.8624538712633025
1350,0.9557321503135794,0.9772857103157562,1.0,0.9772857103157562
1351,0.5120904320299591,0.9974960876234682,0.9557321503135794,0.9974960876234682
1352,0.13754612873669733,0.9557321503135794,0.5120904320299591,1.0
1353,0.02271428968424385,0.5120904320299591,0.13754612873669733,1.0
1354,0.002503912376531775,0.1818139784231179,0.02271428968424385,1.0
1355,0.0,0.5106238576542848,0.002503912376531775,1.0
1356,0.044267849686420536,0.8649577836398343,0.0,1.0
1357,0.4879095679700409,0.9772857103157562,0.0,1.0
1358,0.8624538712633025,0.9532282379370476,0.0,1.0
1359,0.9772857103157562,0.5120904320299591,0.0,1.0
1360,0.9974960876234682,0.1818139784231179,0.0,1.0
1361,1.0,0.5106238576542848,0.0,1.0
1362,1.0,0.8649577836398343,0.0,1.0
1363,1.0,0.9772857103157562,0.0,1.0
1364,0.9557321503135794,0.9532282379370476,0.0,1.0
1365,0.5120904320299591,0.5563582817163797,0.0,1.0
1366,0.1818139784231179,0.6254556967067384,0.044267849686420536,1.0
1367,0.5106238576542848,0.8851681609475466,0.4879095679700409,1.0
1368,0.8649577836398343,0.979789622692288,0.8181860215768821,0.9557321503135794
1369,0.9772857103157562,0.9974960876234682,0.48937614234571514,0.5563582817163797
1370,0.9974960876234682,0.9557321503135794,0.17931006604658611,0.6254556967067384
1371,1.0,0.5120904320299591,0.5106238576542848,0.8851681609475466
1372,1.0,0.13754612873669733,0.8649577836398343,0.979789622692288
1373,1.0,0.02271428968424385,0.9330178606293357,0.9532282379370476
1374,1.0,0.04677176206295231,0.5538543693398478,0.5120904320299591
1375,1.0,0.4436417182836204,0.6254556967067384,0.1818139784231179
1376,1.0,0.37454430329326166,0.8851681609475466,0.5106238576542848
1377,1.0,0.1148318390524535,0.979789622692288,0.8649577836398343
1378,0.9557321503135794,0.02021037730771208,0.9532282379370476,0.9330178606293357
1379,0.5563582817163797,0.002503912376531775,0.5563582817163797,0.5095865196534273
1380,0.6254556967067384,0.044267849686420536,0.6254556967067384,0.1818139784231179
1381,0.8851681609475466,0.4879095679700409,0.8851681609475466,0.5106238576542848
1382,0.979789622692288,0.8181860215768821,0.979789622692288,0.8649577836398343
1383,0.9974960876234682,0.48937614234571514,0.9974960876234682,0.9772857103157562
1384,1.0,0.13504221636016558,0.9557321503135794,0.9532282379370476
1385,1.0,0.02271428968424385,0.5120904320299591,0.5120904320299591
1386,1.0,0.002503912376531775,0.13754612873669733,0.13754612873669733
1387,1.0,0.0,0.02271428968424385,0.02271428968424385
1388,1.0,0.044267849686420536,0.002503912376531775,0.002503912376531775
1389,1.0,0.4879095679700409,0.0,0.0
1390,1.0,0.8624538712633025,0.0,0.0
1391,1.0,0.9330178606293357,0.0,0.0
1392,1.0,0.5095865196534273,0.044267849686420536,0.0
1393,1.0,0.13754612873669733,0.4879095679700409,0.0
1394,1.0,0.02271428968424385,0.8624538712633025,0.0
1395,1.0,0.002503912376531775,0.9772857103157562,0.0
1396,1.0,0.0,0.9974960876234682,0.0
1397,1.0,0.0,1.0,0.0
1398,1.0,0.0,1.0,0.0
1399,1.0,0.0,1.0,0.044267849686420536
1400,1.0,0.0,1.0,0.4879095679700409
1401,1.0,0.0,1.0,0.8624538712633025
1402,1.0,0.0,1.0,0.9772857103157562
1403,1.0,0.0,1.0,0.9974960876234682
1404,1.0,0.0,1.0,1.0
1405,1.0,0.0,1.0,1.0
1406,1.0,0.044267849686420536,1.0,1.0
1407,1.0,0.4436417182836204,1.0,1.0
1408,1.0,0.37454430329326166,1.0,1.0
1409,0.9557321503135794,0.1148318390524535,0.9557321503135794,0.9557321503135794
1410,0.5563582817163797,0.02021037730771208,0.5120904320299591,0.5120904320299591
1411,0.5811878470203178,0.04677176206295231,0.13754612873669733,0.13754612873669733
1412,0.44152644266392604,0.4436417182836204,0.06698213937066438,0.02271428968424385
1413,0.6052453193990261,0.37454430329326166,0.4904134803465727,0.002503912376531775
1414,0.8826642485710148,0.1148318390524535,0.8624538712633025,0.0
1415,0.979789622692288,0.06447822699413261,0.9772857103157562,0.0
1416,0.9974960876234682,0.44614563066015217,0.9532282379370476,0.0
1417,1.0,0.4188121529796822,0.5563582817163797,0.044267849686420536
1418,1.0,0.6027414070224943,0.6254556967067384,0.4879095679700409
1419,1.0,0.8383963988845942,0.8851681609475466,0.8181860215768821
1420,1.0,0.49188005472224694,0.979789622692288,0.48937614234571514
1421,1.0,0.13504221636016558,0.9974960876234682,0.13504221636016558
1422,1.0,0.02271428968424385,1.0,0.02271428968424385
1423,1.0,0.002503912376531775,1.0,0.002503912376531775
1424,1.0,0.0,1.0,0.0
1425,1.0,0.0,1.0,0.0
1426,1.0,0.0,1.0,0.0
1427,1.0,0.0,1.0,0.0
1428,1.0,0.0,0.9557321503135794,0.0
1429,1.0,0.0,0.5120904320299591,0.0
1430,1.0,0.0,0.1818139784231179,0.044267849686420536
1431,1.0,0.0,0.5106238576542848,0.4879095679700409
1432,1.0,0.0,0.8649577836398343,0.8624538712633025
1433,1.0,0.0,0.9772857103157562,0.9772857103157562
1434,1.0,0.0,0.9974960876234682,0.9974960876234682
1435,1.0,0.0,0.9557321503135794,1.0
1436,1.0,0.0,0.5120904320299591,1.0
1437,1.0,0.0,0.13754612873669733,0.9557321503135794
1438,0.9557321503135794,0.044267849686420536,0.02271428968424385,0.5120904320299591
1439,0.5120904320299591,0.4879095679700409,0.002503912376531775,0.13754612873669733
1440,0.13754612873669733,0.8624538712633025,0.0,0.02271428968424385
1441,0.06698213937066438,0.9330178606293357,0.044267849686420536,0.04677176206295231
1442,0.4904134803465727,0.5095865196534273,0.4879095679700409,0.4879095679700409
1443,0.8624538712633025,0.13754612873669733,0.8624538712633025,0.8181860215768821
1444,0.9772857103157562,0.02271428968424385,0.9772857103157562,0.5336439920321356
1445,0.9974960876234682,0.002503912376531775,0.9974960876234682,0.6229517843302066
1446,1.0,0.0,1.0,0.8851681609475466
1447,1.0,0.0,1.0,0.979789622692288
1448,1.0,0.0,1.0,0.9974960876234682
1449,1.0,0.0,1.0,1.0
1450,1.0,0.0,1.0,1.0
1451,1.0,0.0,1.0,1.0
1452,1.0,0.0,1.0,1.0
1453,1.0,0.044267849686420536,1.0,0.9557321503135794
1454,1.0,0.4436417182836204,1.0,0.5120904320299591
1455,1.0,0.37454430329326166,1.0,0.13754612873669733
1456,1.0,0.1148318390524535,1.0,0.02271428968424385
1457,1.0,0.02021037730771208,1.0,0.002503912376531775
1458,1.0,0.04677176206295231,1.0,0.044267849686420536
1459,1.0,0.4879095679700409,1.0,0.4879095679700409
1460,1.0,0.8624538712633025,1.0,0.8624538712633025
1461,1.0,0.9772857103157562,1.0,0.9772857103157562
1462,1.0,0.9974960876234682,1.0,0.9974960876234682
1463,1.0,1.0,1.0,1.0
1464,1.0,0.9557321503135794,1.0,1.0
1465,1.0,0.5120904320299591,1.0,1.0
1466,1.0,0.13754612873669733,1.0,1.0
1467,1.0,0.02271428968424385,1.0,1.0
1468,1.0,0.002503912376531775,1.0,1.0
1469,1.0,0.0,1.0,1.0
1470,1.0,0.044267849686420536,1.0,1.0
1471,1.0,0.4436417182836204,1.0,1.0
1472,1.0,0.37454430329326166,1.0,1.0
1473,0.9557321503135794,0.15909968873887403,0.9557321503135794,0.9557321503135794
1474,0.5563582817163797,0.5081199452777531,0.5563582817163797,0.5563582817163797
1475,0.6254556967067384,0.8206899339534138,0.6254556967067384,0.6254556967067384
1476,0.8851681609475466,0.48937614234571514,0.8851681609475466,0.8851681609475466
1477,0.979789622692288,0.17931006604658611,0.979789622692288,0.9355217730058675
1478,0.9974960876234682,0.5106238576542848,0.9974960876234682,0.5095865196534273
1479,1.0,0.8649577836398343,1.0,0.1818139784231179
1480,1.0,0.9330178606293357,1.0,0.5106238576542848
1481,1.0,0.5095865196534273,1.0,0.8649577836398343
1482,1.0,0.13754612873669733,1.0,0.9772857103157562
1483,1.0,0.02271428968424385,1.0,0.9974960876234682
1484,1.0,0.002503912376531775,1.0,0.9557321503135794
1485,1.0,0.0,0.9557321503135794,0.5120904320299591
1486,1.0,0.044267849686420536,0.5120904320299591,0.13754612873669733
1487,1.0,0.4879095679700409,0.1818139784231179,0.06698213937066438
1488,1.0,0.8181860215768821,0.5106238576542848,0.4904134803465727
1489,1.0,0.5336439920321356,0.8649577836398343,0.8624538712633025
1490,1.0,0.6229517843302066,0.9772857103157562,0.9772857103157562
1491,1.0,0.8851681609475466,0.9532282379370476,0.9532282379370476
1492,1.0,0.9355217730058675,0.5120904320299591,0.5120904320299591
1493,1.0,0.5095865196534273,0.1818139784231179,0.13754612873669733
1494,1.0,0.13754612873669733,0.5106238576542848,0.02271428968424385
1495,1.0,0.02271428968424385,0.8649577836398343,0.002503912376531775
1496,1.0,0.002503912376531775,0.9772857103157562,0.0
1497,1.0,0.0,0.9974960876234682,0.0
1498,1.0,0.0,1.0,0.0
1499,1.0,0.0,1.0,0.0
1500,1.0,0.0,1.0,0.0
1501,1.0,0.044267849686420536,1.0,0.0
1502,1.0,0.4879095679700409,0.9557321503135794,0.0
1503,1.0,0.8181860215768821,0.5120904320299591,0.0
1504,1.0,0.48937614234571514,0.13754612873669733,0.0
1505,1.0,0.13504221636016558,0.02271428968424385,0.0
1506,1.0,0.02271428968424385,0.002503912376531775,0.0
1507,1.0,0.002503912376531775,0.0,0.0
1508,1.0,0.044267849686420536,0.0,0.0
1509,1.0,0.4879095679700409,0.044267849686420536,0.0
1510,1.0,0.8624538712633025,0.4879095679700409,0.0
1511,1.0,0.9330178606293357,0.8624538712633025,0.0
1512,1.0,0.5095865196534273,0.9772857103157562,0.0
1513,1.0,0.1818139784231179,0.9974960876234682,0.0
1514,1.0,0.5106238576542848,1.0,0.0
1515,1.0,0.8649577836398343,1.0,0.0
1516,1.0,0.9772857103157562,1.0,0.0
1517,1.0,0.9974960876234682,0.9557321503135794,0.0
1518,0.9557321503135794,1.0,0.5120904320299591,0.0
1519,0.5563582817163797,1.0,0.1818139784231179,0.0
1520,0.6254556967067384,0.9557321503135794,0.5106238576542848,0.0
1521,0.8851681609475466,0.5563582817163797,0.8206899339534138,0.0
1522,0.9355217730058675,0.6254556967067384,0.48937614234571514,0.0
1523,0.5095865196534273,0.8851681609475466,0.13504221636016558,0.0
1524,0.1818139784231179,0.979789622692288,0.06698213937066438,0.0
1525,0.5106238576542848,0.9532282379370476,0.4904134803465727,0.0
1526,0.8649577836398343,0.5120904320299591,0.8181860215768821,0.0
1527,0.9772857103157562,0.1818139784231179,0.48937614234571514,0.0
1528,0.9974960876234682,0.5106238576542848,0.13504221636016558,0.0
1529,1.0,0.8649577836398343,0.02271428968424385,0.0
1530,1.0,0.9772857103157562,0.002503912376531775,0.044267849686420536
1531,1.0,0.9974960876234682,0.0,0.4879095679700409
1532,1.0,1.0,0.0,0.8624538712633025
1533,1.0,1.0,0.0,0.9772857103157562
1534,1.0,1.0,0.0,0.9974960876234682
1535,0.9557321503135794,1.0,0.0,1.0
1536,0.5563582817163797,1.0,0.0,1.0
1537,0.6254556967067384,0.9557321503135794,0.0,1.0
1538,0.8851681609475466,0.5120904320299591,0.044267849686420536,1.0
1539,0.979789622692288,0.13754612873669733,0.4879095679700409,1.0
1540,0.9974960876234682,0.02271428968424385,0.8624538712633025,1.0
1541,1.0,0.002503912376531775,0.9772857103157562,1.0
1542,1.0,0.0,0.9974960876234682,1.0
1543,1.0,0.0,1.0,1.0
1544,1.0,0.0,1.0,0.9557321503135794
1545,1.0,0.044267849686420536,1.0,0.5120904320299591
1546,1.0,0.4879095679700409,0.9557321503135794,0.13754612873669733
1547,1.0,0.8181860215768821,0.5120904320299591,0.02271428968424385
1548,1.0,0.48937614234571514,0.13754612873669733,0.002503912376531775
1549,1.0,0.13504221636016558,0.02271428968424385,0.0
1550,1.0,0.02271428968424385,0.04677176206295231,0.0
1551,1.0,0.002503912376531775,0.4879095679700409,0.0
1552,1.0,0.0,0.8624538712633025,0.0
1553,1.0,0.044267849686420536,0.9772857103157562,0.044267849686420536
1554,0.9557321503135794,0.4879095679700409,0.9532282379370476,0.4879095679700409
1555,0.5120904320299591,0.8624538712633025,0.5120904320299591,0.8624538712633025
1556,0.13754612873669733,0.9772857103157562,0.13754612873669733,0.9772857103157562
1557,0.02271428968424385,0.9974960876234682,0.02271428968424385,0.9974960876234682
1558,0.04677176206295231,0.9557321503135794,0.04677176206295231,1.0
1559,0.4879095679700409,0.5563582817163797,0.4879095679700409,1.0
1560,0.8624538712633025,0.6254556967067384,0.8624538712633025,1.0
1561,0.9330178606293357,0.8851681609475466,0.9772857103157562,1.0
1562,0.5095865196534273,0.979789622692288,0.9974960876234682,1.0
1563,0.1818139784231179,0.9532282379370476,1.0,1.0
1564,0.5106238576542848,0.5120904320299591,0.9557321503135794,1.0
1565,0.8649577836398343,0.13754612873669733,0.5120904320299591,1.0
1566,0.9772857103157562,0.06698213937066438,0.13754612873669733,1.0
1567,0.9532282379370476,0.4904134803465727,0.02271428968424385,1.0
1568,0.5120904320299591,0.8624538712633025,0.04677176206295231,1.0
1569,0.13754612873669733,0.9772857103157562,0.4879095679700409,1.0
1570,0.06698213937066438,0.9532282379370476,0.8624538712633025,0.9557321503135794
1571,0.4904134803465727,0.5120904320299591,0.9772857103157562,0.5120904320299591
1572,0.8624538712633025,0.13754612873669733,0.9974960876234682,0.13754612873669733
1573,0.9772857103157562,0.02271428968424385,1.0,0.02271428968424385
1574,0.9974960876234682,0.002503912376531775,1.0,0.002503912376531775
1575,1.0,0.0,1.0,0.0
1576,1.0,0.0,1.0,0.0
1577,1.0,0.0,1.0,0.0
1578,1.0,0.0,1.0,0.0
1579,1.0,0.0,1.0,0.0
1580,1.0,0.0,1.0,0.0
1581,1.0,0.0,1.0,0.0
1582,1.0,0.0,1.0,0.0
1583,1.0,0.0,1.0,0.044267849686420536
1584,1.0,0.0,1.0,0.4879095679700409
1585,1.0,0.0,0.9557321503135794,0.8181860215768821
1586,1.0,0.0,0.5563582817163797,0.48937614234571514
1587,1.0,0.0,0.6254556967067384,0.13504221636016558
1588,1.0,0.0,0.8851681609475466,0.02271428968424385
1589,1.0,0.0,0.979789622692288,0.002503912376531775
1590,1.0,0.0,0.9974960876234682,0.044267849686420536
1591,1.0,0.0,0.9557321503135794,0.4879095679700409
1592,1.0,0.0,0.5120904320299591,0.8624538712633025
1593,1.0,0.0,0.1818139784231179,0.9772857103157562
1594,1.0,0.0,0.5106238576542848,0.9532282379370476
1595,1.0,0.0,0.8649577836398343,0.5563582817163797
1596,0.9557321503135794,0.044267849686420536,0.9330178606293357,0.6254556967067384
1597,0.5120904320299591,0.4436417182836204,0.5095865196534273,0.8851681609475466
1598,0.1818139784231179,0.37454430329326166,0.1818139784231179,0.9355217730058675
1599,0.5106238576542848,0.1148318390524535,0.5106238576542848,0.5095865196534273
1600,0.8649577836398343,0.02021037730771208,0.8649577836398343,0.13754612873669733
1601,0.9330178606293357,0.002503912376531775,0.9330178606293357,0.02271428968424385
1602,0.5095865196534273,0.0,0.5095865196534273,0.002503912376531775
1603,0.13754612873669733,0.0,0.13754612873669733,0.0
1604,0.02271428968424385,0.0,0.06698213937066438,0.0
1605,0.002503912376531775,0.0,0.4904134803465727,0.0
1606,0.0,0.0,0.8181860215768821,0.0
1607,0.0,0.0,0.48937614234571514,0.0
1608,0.0,0.0,0.13504221636016558,0.0
1609,0.0,0.0,0.02271428968424385,0.0
1610,0.0,0.0,0.002503912376531775,0.0
1611,0.0,0.0,0.0,0.0
1612,0.0,0.0,0.0,0.0
1613,0.0,0.0,0.0,0.0
